,surface_type,liquid_type,diameter,height,fall_point_type,id,time,area,circumstance,circularity,finger_num,velocity,circle_radius
0,0,0,18,40,0,101,0.0202,1.4284584000000002e-05,0.0209777201428413,0.4079067449041446,27.0,0.3,0.002136
1,0,0,18,40,0,102,0.0204,1.4455584000000002e-05,0.0220376309280395,0.3740379729233202,24.0,0.12,0.00216
2,0,0,18,40,0,104,0.0208,1.4645592000000002e-05,0.0214172491350173,0.401226323303708,25.0,0.06,0.002172
3,0,0,18,40,0,111,0.0222,1.4616936000000002e-05,0.0217789547638893,0.3872506396056754,23.0,4.68,0.00216
4,0,0,18,40,1,97,0.0194,1.4467464000000002e-05,0.0257734811468124,0.2736882241618515,24.0,-0.06,0.002112
5,0,0,18,40,1,100,0.02,1.4692608000000002e-05,0.0199572812190055,0.46356005070696,25.0,1.32,0.00216
6,0,0,18,40,1,101,0.0202,1.4690736000000002e-05,0.0196511045880317,0.4780567824912217,25.0,0.0,0.00216
7,0,0,18,40,1,104,0.0208,1.4618736e-05,0.0202263980813026,0.4490374742001522,23.0,2.22,0.00216
8,0,0,18,40,1,110,0.022,1.4293656e-05,0.0216918967709541,0.3817316169242977,24.0,4.38,0.002124
9,0,0,18,40,2,106,0.0212,1.3473432e-05,0.0202484855031967,0.41295526535359,22.0,0.12,0.002088
10,0,0,18,40,2,107,0.0214,1.3625784000000002e-05,0.020504250002861,0.4072710940224966,21.0,0.06,0.0021
11,0,0,18,40,2,108,0.0216,1.3749984000000002e-05,0.0211743374319076,0.3853828618630482,22.0,0.06,0.002112
12,0,0,18,40,3,98,0.0196,1.2026232e-05,0.0194496630306243,0.3994986156110174,20.0,0.24,0.00198
13,0,0,18,40,3,99,0.0198,1.2400560000000002e-05,0.0198108690505027,0.3970490007966062,22.0,0.12,0.002004
14,0,0,18,40,3,100,0.02,1.2688416000000002e-05,0.0203316326723098,0.385720537566165,17.0,0.12,0.002028
15,0,0,18,40,3,101,0.0202,1.2945456e-05,0.0204838682012558,0.3877066689285283,19.0,0.12,0.002052
16,0,0,18,40,3,103,0.0206,1.3258584000000002e-05,0.0214337201385498,0.3626702209277668,22.0,0.18,0.002076
17,0,0,18,40,3,104,0.0208,1.3400424000000002e-05,0.0227183659944534,0.3262678044523581,21.0,0.12,0.0021
18,0,0,18,40,3,135,0.027,1.2393072000000002e-05,0.018788103714466,0.441187235637399,18.0,0.0,0.002016
19,1,0,18,40,0,96,0.0192,1.4065776e-05,0.0260626872096061,0.2602167073110679,30.0,0.3,0.002124
20,1,0,18,40,0,102,0.0204,1.4357952000000002e-05,0.0230919253249168,0.3383623809828802,28.0,0.3,0.00216
21,1,0,18,40,0,105,0.021,1.4252472e-05,0.0250068941574096,0.2864049690610205,25.0,3.18,0.002148
22,1,0,18,40,0,109,0.0218,1.4247216000000002e-05,0.0254493348197937,0.2764311634929914,29.0,4.02,0.00216
23,1,0,18,40,0,110,0.022,1.4226408000000002e-05,0.0255290707597732,0.2743058751717387,33.0,-0.06,0.002148
24,1,0,18,40,0,112,0.0224,1.4109264000000002e-05,0.0243045712022781,0.3001499649485041,25.0,4.8,0.002148
25,1,0,18,40,2,92,0.0184,1.2806280000000002e-05,0.0207294846639633,0.3745034698298602,18.0,0.24,0.002052
26,1,0,18,40,2,105,0.021,1.3414392e-05,0.0202518967666626,0.411007216645624,19.0,9.78,0.002088
27,1,0,18,40,2,109,0.0218,1.3244256000000004e-05,0.0216858664398193,0.3539026978553786,15.0,8.52,0.00204
28,1,0,18,40,2,110,0.022,1.3286304e-05,0.0199949262213707,0.4176134113209791,20.0,0.24,0.002088
29,1,0,18,40,2,115,0.023,1.2997296000000002e-05,0.0200223374505043,0.4074115345955543,15.0,0.24,0.002052
30,1,0,18,40,2,134,0.0268,1.2241224e-05,0.0167085461297035,0.5510073411559465,18.0,7.859999999999999,0.00198
31,1,0,18,40,2,91,0.0182,1.2701808e-05,0.0247317469553947,0.2609551180734529,15.0,0.0,0.002016
32,1,0,18,40,2,92,0.0184,1.2958488000000002e-05,0.0238066014990806,0.2873223370535778,20.0,0.12,0.00204
33,1,0,18,40,2,93,0.0186,1.3177080000000002e-05,0.0226933668837547,0.3215371646410959,17.0,0.24,0.002088
34,1,0,18,40,2,94,0.0188,1.3330152000000002e-05,0.0233506015090942,0.307219530236084,24.0,0.0,0.002088
35,1,0,18,40,2,128,0.0256,1.2715416000000002e-05,0.0210298378844261,0.3613005208444545,20.0,0.0,0.002028
36,1,0,18,40,3,123,0.0246,1.233684e-05,0.0243208352451324,0.2620938466382171,22.0,5.22,0.002016
37,1,0,18,40,3,135,0.027,1.1953872e-05,0.0197268084797859,0.3860155579484021,18.0,0.0,0.00198
38,1,0,18,40,3,139,0.0278,1.1873088000000002e-05,0.0193915149736404,0.3967802720582737,15.0,-0.06,0.001968
39,2,0,18,40,0,93,0.0186,1.4343912e-05,0.0198884855232238,0.4556947751145549,27.0,0.12,0.002148
40,2,0,18,40,0,98,0.0196,1.4950872e-05,0.0193851920342445,0.4999610508234239,24.0,0.0,0.002184
41,2,0,18,40,0,101,0.0202,1.4983848000000002e-05,0.0206094846611022,0.4433012521399173,20.0,3.72,0.002184
42,2,0,18,40,0,102,0.0204,1.4980104000000002e-05,0.0194671331448555,0.4967303477543011,20.0,0.0,0.002184
43,2,0,18,40,0,105,0.021,1.4930136e-05,0.0213990725426673,0.4097167563198152,25.0,5.34,0.002184
44,2,0,18,40,0,108,0.0216,1.4809824000000002e-05,0.0207008673233985,0.4342928482706244,27.0,1.5599999999999998,0.002172
45,2,0,18,40,1,108,0.0216,1.3367808e-05,0.0194618093347549,0.4435102243997293,26.0,0.3,0.002064
46,2,0,18,40,1,110,0.022,1.4166360000000004e-05,0.0188630153803825,0.5003177379274848,27.0,0.18,0.002124
47,2,0,18,40,1,112,0.0224,1.4717520000000002e-05,0.019147104563713,0.5044734105479225,27.0,0.12,0.002172
48,2,0,18,40,1,115,0.023,1.5212160000000002e-05,0.0189303980841636,0.5334346900914967,24.0,0.0,0.002196
49,2,0,18,40,1,119,0.0238,1.5508800000000003e-05,0.017797281214714,0.6152912426143441,24.0,0.0,0.002208
50,2,0,18,40,1,120,0.024,1.5533712000000003e-05,0.0180331634559631,0.6002625854492505,24.0,0.0,0.002208
51,2,0,18,40,1,123,0.0246,1.5582384e-05,0.0185141625709533,0.5712623745554156,22.0,0.06,0.00222
52,2,0,18,40,1,139,0.0278,1.5206760000000002e-05,0.0202063088979721,0.4680288021718918,21.0,2.1,0.002208
53,2,0,18,40,2,92,0.0184,1.1651112000000002e-05,0.0182603106465339,0.4390974530639751,19.0,0.24,0.00192
54,2,0,18,40,2,95,0.019,1.3122000000000002e-05,0.0186307513232231,0.4750607601325636,21.0,0.18,0.002052
55,2,0,18,40,2,97,0.0194,1.3754664000000002e-05,0.0195308976316452,0.4531223065928703,24.0,0.18,0.002112
56,2,0,18,40,2,100,0.02,1.4324472000000002e-05,0.0200441322398185,0.4480370904315321,20.0,0.06,0.002148
57,2,0,18,40,2,106,0.0212,1.4699304000000004e-05,0.0216342482571601,0.3946599147544661,21.0,9.84,0.002172
58,2,0,18,40,3,99,0.0198,1.2824352000000002e-05,0.0251308049583435,0.25517169282695,25.0,0.36,0.002052
59,2,0,18,40,3,105,0.021,1.3845384000000004e-05,0.0280918326086998,0.2204726517038401,24.0,0.12,0.002148
60,3,0,18,40,0,103,0.0206,1.5658344000000003e-05,0.0226504837560653,0.3835312273060539,26.0,0.06,0.002244
61,3,0,18,40,0,109,0.0218,1.5893064000000004e-05,0.0252461876320838,0.3133472481753067,24.0,-0.06,0.002256
62,3,0,18,40,0,112,0.0224,1.5955056000000002e-05,0.0245249815564155,0.3333425995936744,23.0,2.1,0.002256
63,3,0,18,40,0,117,0.0234,1.5808608e-05,0.025479450805664,0.3060013686601883,23.0,4.62,0.002256
64,3,0,18,40,0,123,0.0246,1.5597216e-05,0.03061915467453,0.2090598128671322,30.0,9.24,0.002244
65,3,0,18,40,1,102,0.0204,1.4566032000000002e-05,0.019469338326931,0.4828905867386693,23.0,0.06,0.002148
66,3,0,18,40,1,104,0.0208,1.4949720000000002e-05,0.0186991331305503,0.5372791351757931,24.0,0.12,0.002184
67,3,0,18,40,1,106,0.0212,1.5190416000000002e-05,0.0184685746965408,0.5596451842084966,26.0,0.06,0.002196
68,3,0,18,40,1,117,0.0234,1.5342624000000003e-05,0.0219200430707931,0.4012607676512332,28.0,2.8200000000000003,0.002208
69,3,0,18,40,1,121,0.0242,1.5245496000000002e-05,0.0206218379101753,0.4505019596925388,24.0,3.84,0.002196
70,3,0,18,40,1,122,0.0244,1.5175224000000002e-05,0.0211556612691879,0.4260806041348853,25.0,0.0,0.002196
71,3,0,18,40,1,138,0.0276,1.4738328000000002e-05,0.0197444855175018,0.4750796609949371,19.0,0.06,0.002184
72,3,0,18,40,2,92,0.0184,1.3325760000000004e-05,0.0222902768239974,0.3370318367573061,23.0,-0.06,0.002076
73,3,0,18,40,3,103,0.0206,3.7797840000000006e-06,0.0102459661645889,0.4524504365609109,5.0,-7.319999999999999,0.00162
74,3,0,18,40,3,104,0.0208,3.7987200000000007e-06,0.0103729956135749,0.4436482357817461,5.0,0.06,0.001632
75,3,0,18,40,3,105,0.021,3.8239200000000005e-06,0.0105046423559188,0.4354678730219884,5.0,-0.12,0.001608
76,3,0,18,40,3,106,0.0212,3.844872e-06,0.0104239072995185,0.4446626677820007,5.0,-0.12,0.001584
77,3,0,18,40,3,107,0.0214,3.859776000000001e-06,0.0104028189854621,0.4481979669084978,6.0,0.06,0.001596
78,3,0,18,40,3,108,0.0216,3.867552e-06,0.0104707012310028,0.4432966917300596,6.0,-0.12,0.001572
79,3,0,18,40,3,109,0.0218,3.879936000000001e-06,0.0105087601089477,0.4415007742666373,5.0,0.24,0.00162
80,3,0,18,40,3,111,0.0222,3.889728e-06,0.0103051133637428,0.4602815318337158,8.0,-0.48,0.00162
81,3,0,18,40,3,117,0.0234,3.839544000000001e-06,0.011177141916275,0.3862139731690275,6.0,-14.64,0.001644
82,3,0,18,40,3,119,0.0238,3.830040000000001e-06,0.0113170241832733,0.3757929997437871,4.0,-6.180000000000001,0.001668
83,3,0,18,40,3,122,0.0244,3.8187360000000005e-06,0.0111368778619766,0.386903435335884,7.0,-13.32,0.001656
84,3,0,18,40,3,123,0.0246,3.820536e-06,0.0108699661703109,0.4063289588563339,7.0,0.0,0.001656
85,3,0,18,40,3,125,0.025,3.7943280000000006e-06,0.0110694951710701,0.389124973761105,3.0,-1.0799999999999998,0.001644
86,3,0,18,40,3,126,0.0252,3.779424e-06,0.0112006423559188,0.3785729857780465,5.0,0.18,0.00168
87,3,0,18,40,3,127,0.0254,3.758328e-06,0.0108857306785583,0.398556019604153,5.0,-0.18,0.001644
88,3,0,18,40,3,131,0.0262,3.6829440000000007e-06,0.0104971133565902,0.4200153912376147,6.0,-1.14,0.001308
89,3,0,18,40,3,132,0.0264,3.672720000000001e-06,0.0105169955978393,0.4172672500782635,6.0,1.32,0.001572
90,3,0,18,40,3,133,0.0266,3.664872e-06,0.0103443782916069,0.4303877350815687,7.0,-0.12,0.001548
91,3,0,18,40,3,139,0.0278,3.624984e-06,0.0109817306542396,0.3777238282766559,5.0,0.06,0.001596
92,3,0,18,40,3,140,0.028,3.5987760000000004e-06,0.0102840250439643,0.4276007205821446,3.0,0.0,0.001596
93,4,0,18,40,0,93,0.0186,1.3721040000000002e-05,0.0204176915774345,0.4136029388517451,26.0,0.18,0.0021
94,4,0,18,40,0,96,0.0192,1.4454576000000002e-05,0.0214201608052253,0.395885656798938,26.0,0.12,0.00216
95,4,0,18,40,0,98,0.0196,1.4730840000000002e-05,0.022290483780384,0.3725618555163494,28.0,0.0,0.002172
96,4,0,18,40,0,102,0.0204,1.5003432000000002e-05,0.0227341305041313,0.3647907193220424,31.0,2.1,0.002184
97,4,0,18,40,0,121,0.0242,1.4672808e-05,0.0236066586141586,0.3308674615877957,21.0,-25.98,0.00216
98,4,0,18,40,1,99,0.0198,1.4584824000000002e-05,0.0204024266281127,0.4402987041882344,26.0,0.0,0.00216
99,4,0,18,40,1,104,0.0208,1.4976504000000002e-05,0.0201648387579917,0.4628399132806008,22.0,0.06,0.002196
100,4,0,18,40,1,110,0.022,1.4918832000000004e-05,0.0206686318387985,0.438855179681174,22.0,3.9,0.002184
101,4,0,18,40,1,119,0.0238,1.4536080000000002e-05,0.0218802785511016,0.3815500153447475,25.0,4.92,0.00216
102,4,0,18,40,2,95,0.019,1.1493864000000002e-05,0.0177953686408996,0.4561019614758818,20.0,0.36,0.00192
103,4,0,18,40,2,96,0.0192,1.2040416e-05,0.0187020448150634,0.4325867066866417,19.0,0.24,0.001968
104,4,0,18,40,2,97,0.0194,1.2526128000000002e-05,0.0188625158228874,0.4424125876286408,23.0,0.18,0.002004
105,4,0,18,40,2,99,0.0198,1.3276944000000002e-05,0.0198955149679183,0.4215000379052562,27.0,0.18,0.002076
106,4,0,18,40,2,137,0.0274,1.3667616000000002e-05,0.0197415738029479,0.4406959800855618,18.0,0.0,0.0021
107,4,0,18,40,3,95,0.019,1.1985984e-05,0.0195553972005844,0.3938676161240772,24.0,0.18,0.001956
108,4,0,18,40,3,97,0.0194,1.2704544000000002e-05,0.0200693383312225,0.3963718803077211,24.0,0.06,0.002016
109,4,0,18,40,3,99,0.0198,1.31724e-05,0.0214043963155746,0.3613007033884809,20.0,0.12,0.002064
110,4,0,18,40,3,125,0.025,1.4132088000000002e-05,0.0292400074853897,0.2077118329623926,26.0,0.42,0.002112
111,5,0,18,40,0,99,0.0198,1.3833720000000002e-05,0.0211556612577438,0.3884146804956442,27.0,0.24,0.002112
112,5,0,18,40,0,102,0.0204,1.4428368e-05,0.0227476898374557,0.3503906256278043,23.0,0.0,0.00216
113,5,0,18,40,0,103,0.0206,1.4545800000000002e-05,0.0229021305155754,0.348494320963348,21.0,0.12,0.002184
114,5,0,18,40,0,105,0.021,1.4698296000000002e-05,0.0240468941273689,0.3194176208484299,26.0,0.0,0.002184
115,5,0,18,40,0,108,0.0216,1.4782536e-05,0.0238970707883834,0.3252890687870381,31.0,1.62,0.002196
116,5,0,18,40,0,130,0.026,1.4058792e-05,0.0222541305198669,0.3567275145202308,25.0,9.0,0.002136
117,5,0,18,40,0,95,0.019,1.4435928000000002e-05,0.0202145443868637,0.4439424319472949,20.0,0.12,0.00216
118,5,0,18,40,0,97,0.0194,1.4751720000000005e-05,0.0202543088779449,0.4518743263311273,17.0,0.12,0.002184
119,5,0,18,40,0,108,0.0216,1.4918904e-05,0.0211117790250778,0.4206269746191124,13.0,0.0,0.002196
120,5,0,18,40,0,109,0.0218,1.4882112000000002e-05,0.0201008673520088,0.4628548698114684,13.0,-0.06,0.002184
121,5,0,18,40,0,126,0.0252,1.4357376000000002e-05,0.0219608066940307,0.3741005612926925,18.0,8.34,0.002148
122,5,0,18,40,1,98,0.0196,1.4180400000000002e-05,0.0206271617102623,0.418812272091815,30.0,0.12,0.002136
123,5,0,18,40,1,99,0.0198,1.4392584e-05,0.0208227799043655,0.4171298021919645,30.0,0.06,0.002148
124,5,0,18,40,1,101,0.0202,1.4697360000000002e-05,0.0205236327037811,0.4384708521172561,30.0,0.06,0.002172
125,5,0,18,40,2,95,0.019,1.1625552e-05,0.020098455186367,0.3616580126071275,26.0,0.3,0.001932
126,5,0,18,40,2,97,0.0194,1.2518496e-05,0.0206819841871261,0.3677711141445459,27.0,0.18,0.002004
127,5,0,18,40,2,136,0.0272,1.3297680000000002e-05,0.0244190404515266,0.2802389861667675,22.0,-0.42,0.002088
128,5,0,18,40,3,97,0.0194,1.209312e-05,0.0227668655705452,0.2931849952270276,25.0,0.3,0.001992
129,5,0,18,40,3,101,0.0202,1.3315968000000002e-05,0.024419746931076,0.2806081554703973,24.0,0.06,0.002076
130,0,0,20,20,4,121,0.0242,6.885144000000001e-06,0.0127983730273246,0.5282182030733743,9.0,0.3,0.001488
131,0,0,20,20,4,122,0.0244,7.242336000000001e-06,0.0125016379709243,0.5823106018018455,11.0,0.18,0.001524
132,0,0,20,20,4,124,0.0248,7.777368e-06,0.013530019771099,0.5338824569406259,13.0,0.18,0.001584
133,0,0,20,20,4,126,0.0252,8.177112000000001e-06,0.0140141375112533,0.5232112349035853,13.0,0.12,0.00162
134,0,0,20,20,4,127,0.0254,8.317728000000002e-06,0.0142553435883522,0.5143505394668045,10.0,0.06,0.001632
135,0,0,20,20,4,129,0.0258,8.548488000000002e-06,0.0142873721523284,0.5262528440916058,13.0,0.06,0.001644
136,0,0,20,20,4,131,0.0262,8.671608000000002e-06,0.014126901140213,0.5460289753422085,15.0,0.06,0.001668
137,0,0,20,20,4,132,0.0264,8.716320000000001e-06,0.0140221660766601,0.5570739071499646,12.0,0.0,0.001668
138,0,0,20,20,5,120,0.024,7.037568000000001e-06,0.0114072864747047,0.6796225364232391,13.0,1.5599999999999998,0.001488
139,0,0,20,20,5,121,0.0242,7.388640000000001e-06,0.0113815808429718,0.7167524658710686,14.0,0.24,0.001536
140,0,0,20,20,5,122,0.0244,7.673400000000002e-06,0.0117684925260543,0.6962352859957284,17.0,0.12,0.00156
141,0,0,20,20,5,123,0.0246,7.930296000000002e-06,0.01201772716856,0.6900087233186969,11.0,0.12,0.001584
142,0,0,20,20,5,124,0.0248,8.141760000000001e-06,0.0122184622063636,0.6853226106740982,13.0,0.12,0.001608
143,0,0,20,20,5,126,0.0252,8.464320000000001e-06,0.0126240500950813,0.6674281492193459,17.0,0.12,0.001644
144,0,0,20,20,5,127,0.0254,8.576928e-06,0.0126861089830398,0.6697068674681705,12.0,0.06,0.001656
145,0,0,20,20,5,128,0.0256,8.66376e-06,0.0126621089744567,0.6790537992144304,15.0,0.06,0.001668
146,0,0,20,20,5,133,0.0266,8.830152000000001e-06,0.0130366673941612,0.6528972999138097,14.0,7.68,0.001668
147,0,0,20,20,5,134,0.0268,8.824248e-06,0.012898490784645,0.666514763729472,14.0,0.0,0.001668
148,0,0,20,20,5,138,0.0276,8.760384000000001e-06,0.0147555184779167,0.5056197839591168,18.0,-0.06,0.001656
149,0,0,20,20,5,139,0.0278,8.763480000000002e-06,0.014548960026741,0.5202625467800498,14.0,0.0,0.001656
150,0,0,20,20,6,127,0.0254,6.047784000000001e-06,0.0104104336738586,0.7012429250158427,12.0,0.18,0.001392
151,0,0,20,20,6,129,0.0258,6.803568000000001e-06,0.011268403362751,0.6733204805659055,9.0,0.24,0.001476
152,0,0,20,20,6,131,0.0262,7.384032000000001e-06,0.0119743444890975,0.6471425230348016,12.0,0.12,0.001536
153,0,0,20,20,6,133,0.0266,7.820064000000001e-06,0.013311108089447,0.5546151789180078,12.0,0.12,0.001584
154,0,0,20,20,6,137,0.0274,8.397216000000002e-06,0.0143242249732017,0.5142838920801219,9.0,0.06,0.001656
155,0,0,20,20,6,139,0.0278,8.577072000000001e-06,0.01433587169981,0.5244459170139427,9.0,0.0,0.001656
156,0,0,20,40,4,107,0.0214,1.1367648000000002e-05,0.022529984175682,0.2814224294086501,24.0,-1.5599999999999998,0.001908
157,0,0,20,40,5,95,0.019,1.1654856000000002e-05,0.0215273079872131,0.3160365611990354,23.0,0.24,0.001944
158,0,0,20,40,5,97,0.0194,1.1763864e-05,0.0214810136289596,0.320368876181266,22.0,3.78,0.001944
159,0,0,20,40,5,101,0.0202,1.1752488000000002e-05,0.0217600716133117,0.3119026321737059,23.0,0.18,0.001932
160,0,0,20,40,5,135,0.027,1.0080072000000002e-05,0.014343900293827,0.6156572282496523,9.0,0.06,0.0018
161,0,0,20,40,5,106,0.0212,1.1635488e-05,0.018804574725151,0.4134923074913518,24.0,2.28,0.001932
162,0,0,20,40,5,113,0.0226,1.1581200000000002e-05,0.019253338326931,0.3926009450952007,19.0,8.16,0.00192
163,0,0,20,40,5,114,0.0228,1.1533320000000002e-05,0.0200516612534523,0.3604653197094652,17.0,0.0,0.00192
164,0,0,20,40,5,115,0.023,1.1512224000000002e-05,0.0204766318230628,0.3450261818392869,20.0,0.0,0.00192
165,0,0,20,40,5,133,0.0266,1.0580472000000002e-05,0.0191170742640495,0.363807838255513,20.0,0.0,0.00186
166,0,0,20,40,5,136,0.0272,1.046268e-05,0.0170651348848342,0.4514746354641208,19.0,0.0,0.001848
167,0,0,20,40,6,99,0.0198,1.1206944e-05,0.0204070439457893,0.3381713929549063,23.0,0.0,0.001896
168,0,0,20,40,6,100,0.02,1.124424e-05,0.0204889850778579,0.3365883487250425,21.0,0.06,0.001908
169,0,0,20,40,6,110,0.022,1.0976976e-05,0.0205585729851722,0.3263673059831075,21.0,-0.06,0.001872
170,0,0,20,40,6,123,0.0246,1.0155312000000002e-05,0.0183328102211952,0.3797038925219414,17.0,-18.66,0.0018
171,0,0,20,40,6,124,0.0248,1.012608e-05,0.0183808101811409,0.3766360772943696,18.0,0.06,0.001812
172,0,0,20,40,6,132,0.0264,9.73152e-06,0.0162321643381118,0.4641279062351051,11.0,0.18,0.001764
173,0,0,25,20,4,123,0.0246,5.503104000000001e-06,0.0110150509643554,0.5699602425694951,15.0,0.06,0.00132
174,0,0,25,20,4,125,0.025,5.637240000000001e-06,0.0110611384119987,0.5789975622382021,16.0,1.02,0.001332
175,0,0,25,20,4,130,0.026,5.6888640000000006e-06,0.0106701089801788,0.627910441817724,12.0,0.06,0.001344
176,0,0,25,20,4,124,0.0248,5.593320000000001e-06,0.0103319037938118,0.6584439679330162,12.0,1.44,0.001332
177,0,0,25,20,4,129,0.0258,5.713704000000001e-06,0.0118880786719322,0.5080474325600379,15.0,0.0,0.001332
178,0,0,25,20,4,130,0.026,5.698224000000001e-06,0.0117469903507232,0.5189149196723122,14.0,0.0,0.001332
179,0,0,25,20,5,137,0.0274,6.001920000000001e-06,0.0100831687374115,0.741832739849527,18.0,0.0,0.00138
180,0,0,25,20,5,138,0.0276,6.003216000000001e-06,0.0100176986231803,0.751723123772777,15.0,0.0,0.00138
181,0,0,25,20,5,141,0.0282,5.990832000000001e-06,0.0100235219793319,0.7493009977283543,13.0,0.0,0.00138
182,0,0,25,20,6,118,0.0236,5.357232000000001e-06,0.0126051669559478,0.4236947802876101,9.0,0.06,0.00132
183,0,0,25,20,6,123,0.0246,5.452704e-06,0.0109786977124214,0.5684864686914333,10.0,0.18,0.001332
184,0,0,25,20,6,130,0.026,5.291352000000001e-06,0.0114890206489563,0.5037447087213255,10.0,-0.06,0.001296
185,0,0,25,40,4,92,0.0184,5.887728000000001e-06,0.0160202820839881,0.2882818395650108,12.0,0.12,0.00138
186,0,0,25,40,4,98,0.0196,7.158168000000001e-06,0.014908960035324,0.4046849465098078,19.0,2.04,0.001512
187,0,0,25,40,4,111,0.0222,6.739128000000001e-06,0.0145201357755661,0.4016726064849604,8.0,3.3,0.001452
188,0,0,25,40,4,112,0.0224,6.684264000000001e-06,0.0149637825164794,0.3751290379630289,10.0,-0.06,0.00144
189,0,0,25,40,4,133,0.0266,5.978448000000001e-06,0.0112179912099838,0.5969914749128473,12.0,6.3,0.00138
190,0,0,25,40,4,134,0.0268,5.952960000000001e-06,0.0109944622049331,0.6188634685376051,10.0,0.0,0.00138
191,0,0,25,40,4,136,0.0272,5.8798800000000005e-06,0.0108393150401115,0.6288899416262105,12.0,5.52,0.001368
192,0,0,25,40,5,109,0.0218,6.912504000000001e-06,0.0126834899010658,0.5399676290722778,12.0,0.36,0.001476
193,0,0,25,40,5,111,0.0222,6.8083920000000005e-06,0.0129293132801055,0.511803792239977,11.0,2.58,0.001452
194,0,0,25,40,5,112,0.0224,6.782400000000001e-06,0.0121409314913749,0.5782148566889762,10.0,0.12,0.001476
195,0,0,25,40,6,110,0.022,6.06132e-06,0.0115980804104804,0.5662456071462278,8.0,-0.06,0.001392
196,1,0,20,20,4,118,0.0236,7.512840000000001e-06,0.0124953150300979,0.6046716175532842,10.0,0.18,0.001548
197,1,0,20,20,4,124,0.0248,8.449560000000002e-06,0.0152730777626037,0.4551880292985923,14.0,4.92,0.001644
198,1,0,20,20,4,126,0.0252,8.549352000000002e-06,0.0145256665263175,0.5091795153324257,18.0,0.06,0.001656
199,1,0,20,20,4,130,0.026,8.607816000000001e-06,0.0142815487833023,0.5303373615053285,19.0,0.06,0.001656
200,1,0,20,20,4,131,0.0262,8.598600000000001e-06,0.0142277254142761,0.5337853625655545,17.0,0.0,0.001656
201,1,0,20,20,4,133,0.0266,8.585136e-06,0.0142124604821205,0.5340949887082266,19.0,0.0,0.001644
202,1,0,20,20,4,134,0.0268,8.575776000000001e-06,0.0144946370959281,0.5129424006416395,21.0,0.0,0.001644
203,1,0,20,20,4,135,0.027,8.561736000000002e-06,0.0143933132858276,0.5193380459667343,19.0,0.0,0.001644
204,1,0,20,20,4,140,0.028,8.364672000000001e-06,0.0147819305949211,0.481056915431218,14.0,-0.06,0.00162
205,1,0,20,20,5,116,0.0232,6.706296000000001e-06,0.0146027833971977,0.3952039671752657,16.0,0.3,0.001464
206,1,0,20,20,5,117,0.0234,7.145352000000001e-06,0.0139373132686614,0.4622483490032005,15.0,0.18,0.0015
207,1,0,20,20,5,118,0.0236,7.513920000000001e-06,0.0136330492157936,0.5080312481340369,17.0,0.18,0.001536
208,1,0,20,20,5,120,0.024,8.067888000000002e-06,0.0130412847132682,0.5961135200080706,19.0,0.24,0.001608
209,1,0,20,20,5,121,0.0242,8.273088000000001e-06,0.0133409314570426,0.5841242039914998,15.0,0.06,0.00162
210,1,0,20,20,5,122,0.0244,8.437752000000001e-06,0.0134936665263175,0.5823400701423106,19.0,0.12,0.001644
211,1,0,20,20,5,123,0.0246,8.570232e-06,0.0132163141665458,0.6165690706186643,17.0,0.06,0.001656
212,1,0,20,20,5,124,0.0248,8.667144e-06,0.013461431040287,0.6010400538043842,20.0,0.0,0.001656
213,1,0,20,20,5,127,0.0254,8.838288000000002e-06,0.0135445782279968,0.6054064470271314,15.0,0.06,0.00168
214,1,0,20,20,5,128,0.0256,8.854632e-06,0.0140514899024963,0.5635541201928986,18.0,-0.06,0.001668
215,1,0,20,20,5,130,0.026,8.885952000000001e-06,0.013930283838272,0.5754318494580191,18.0,0.0,0.00168
216,1,0,20,20,5,131,0.0262,8.878896000000001e-06,0.0141181660866737,0.5597734032214008,18.0,0.0,0.00168
217,1,0,20,20,5,132,0.0264,8.856576000000002e-06,0.0148714007191658,0.5032363057407306,17.0,0.0,0.00168
218,1,0,20,20,5,118,0.0236,7.525800000000001e-06,0.0122710795555114,0.6280540105649726,14.0,0.3,0.001536
219,1,0,20,20,5,119,0.0238,7.822440000000001e-06,0.0115435505361557,0.737688966061805,15.0,0.24,0.001584
220,1,0,20,20,5,120,0.024,8.054856000000001e-06,0.0118349617853164,0.7226598471991167,15.0,0.06,0.001596
221,1,0,20,20,5,121,0.0242,8.250264000000001e-06,0.0120609029216766,0.7127185561204283,14.0,0.12,0.00162
222,1,0,20,20,5,122,0.0244,8.402832000000001e-06,0.0125537557296752,0.6700206639088601,12.0,0.06,0.001632
223,1,0,20,20,5,123,0.0246,8.527032e-06,0.0128820197725296,0.6457134518908378,16.0,0.06,0.001644
224,1,0,20,20,5,124,0.0248,8.625168e-06,0.0129809314613342,0.643229143489534,10.0,0.06,0.001656
225,1,0,20,20,5,125,0.025,8.694360000000002e-06,0.0132320786504745,0.6240096924876276,12.0,0.06,0.001668
226,1,0,20,20,5,126,0.0252,8.758368000000002e-06,0.01339304920578,0.6135841382396249,12.0,0.0,0.001668
227,1,0,20,20,5,129,0.0258,8.817336000000001e-06,0.013967136677742,0.5679792744744947,19.0,6.779999999999999,0.001668
228,1,0,20,20,5,131,0.0262,8.812944000000002e-06,0.0150469296998977,0.4891421528413692,13.0,0.0,0.001668
229,1,0,20,20,5,133,0.0266,8.795664000000001e-06,0.0149111652259826,0.4971132393979421,14.0,0.24,0.001656
230,1,0,20,20,5,134,0.0268,8.784504000000001e-06,0.0149322535443305,0.4950811578803384,15.0,0.0,0.001656
231,1,0,20,20,6,114,0.0228,5.994432000000001e-06,0.0117285210914611,0.5476100320098662,12.0,0.24,0.00138
232,1,0,20,20,6,115,0.023,6.369696000000001e-06,0.0121855202050209,0.5390641140675163,11.0,0.24,0.001428
233,1,0,20,20,6,116,0.0232,6.706512000000001e-06,0.0126216379737854,0.5290237037395936,14.0,0.12,0.001452
234,1,0,20,20,6,118,0.0236,7.262064000000001e-06,0.0132490492300987,0.5198768853631198,12.0,0.12,0.001524
235,1,0,20,20,6,119,0.0238,7.482096000000001e-06,0.0135246959824562,0.5140177510690916,13.0,0.12,0.001548
236,1,0,20,20,6,120,0.024,7.666560000000001e-06,0.0143955184636116,0.4648959696589123,13.0,0.12,0.001572
237,1,0,20,20,6,121,0.0242,7.824456e-06,0.0150481357712745,0.4342087938294665,14.0,0.06,0.001584
238,1,0,20,20,6,136,0.0272,8.129952e-06,0.0145659305877685,0.4815278090398178,16.0,0.0,0.001608
239,1,0,20,40,4,101,0.0202,1.127412e-05,0.0215629547710418,0.304702468909353,20.0,0.06,0.00192
240,1,0,20,40,4,103,0.0206,1.1069568e-05,0.0280004499206542,0.1774232445351123,21.0,4.38,0.001896
241,1,0,20,40,4,104,0.0208,1.1262456000000002e-05,0.0218386015291214,0.2967517734022692,26.0,0.06,0.001908
242,1,0,20,40,4,112,0.0224,1.0926144e-05,0.0211671010451316,0.3064460430829607,18.0,7.619999999999999,0.001872
243,1,0,20,40,5,108,0.0216,1.1341008000000002e-05,0.0197251028137207,0.366288235093086,26.0,0.06,0.001908
244,1,0,20,40,5,109,0.0218,1.1449440000000002e-05,0.020676160820961,0.3365536512849134,24.0,0.06,0.00192
245,1,0,20,40,5,113,0.0226,1.1608128e-05,0.0208805140585899,0.3345720671005684,19.0,3.24,0.001944
246,1,0,20,40,5,114,0.0228,1.1602944000000002e-05,0.0209367495861053,0.3326285654632673,21.0,-0.06,0.001932
247,1,0,20,40,5,116,0.0232,1.1588832e-05,0.0211386906852722,0.325906755858698,22.0,1.38,0.001932
248,1,0,20,40,5,131,0.0262,2.967264e-06,0.0118875790886878,0.2638634356696088,6.0,-4.140000000000001,0.001032
249,1,0,20,40,6,92,0.0184,1.0834200000000002e-05,0.0209074257702827,0.3114623710268065,22.0,0.0,0.001884
250,1,0,20,40,6,96,0.0192,1.0839672e-05,0.0200904266452789,0.337479724381826,20.0,0.06,0.001884
251,1,0,20,40,6,113,0.0226,1.0143864e-05,0.0200400145211219,0.3174075246521044,19.0,-0.06,0.001812
252,1,0,25,40,4,99,0.0198,6.787008000000001e-06,0.0197946907038688,0.2176660943871131,18.0,0.12,0.001476
253,1,0,25,40,4,102,0.0204,6.783984000000001e-06,0.0172949868121147,0.2850061349626726,18.0,-0.06,0.001476
254,1,0,25,40,5,91,0.0182,7.122672000000001e-06,0.015153577340126,0.389782619406302,22.0,0.0,0.001512
255,1,0,25,40,5,92,0.0184,7.118208000000001e-06,0.0145618128790855,0.4218418338242819,17.0,0.0,0.001512
256,1,0,25,40,5,93,0.0186,7.084008000000001e-06,0.0142112544050216,0.4407822310407704,20.0,-0.06,0.0015
257,1,0,25,40,5,101,0.0202,6.7898880000000005e-06,0.01412228383255,0.427821497015601,19.0,5.04,0.001476
258,1,0,25,40,5,141,0.0282,5.43024e-06,0.0105665799565315,0.6111671474242063,7.0,0.0,0.00132
259,1,0,25,40,6,94,0.0188,6.566256000000001e-06,0.0161553400926589,0.3161516587433345,17.0,0.06,0.001464
260,1,0,25,40,6,95,0.019,6.561072000000001e-06,0.0154302232146263,0.3462902392188282,17.0,-0.06,0.001452
261,1,0,25,40,6,96,0.0192,6.546312000000001e-06,0.015273370388031,0.3526442416315974,14.0,0.0,0.001452
262,1,0,25,40,6,97,0.0194,6.529104000000001e-06,0.0142714007134437,0.4028378315216972,15.0,0.0,0.001452
263,1,0,25,40,6,98,0.0196,6.499080000000001e-06,0.0145383123822212,0.386397007649818,14.0,0.0,0.001452
264,1,0,25,40,6,104,0.0208,6.303096000000001e-06,0.0144471366405487,0.3794899028743169,13.0,-0.06,0.001428
265,1,0,25,40,6,112,0.0224,5.914080000000001e-06,0.0132332847161293,0.4243866814444213,13.0,0.0,0.00138
266,1,0,25,40,6,113,0.0226,5.895432000000001e-06,0.0133596076483726,0.4150860049561679,14.0,-0.06,0.001368
267,2,0,20,20,4,121,0.0242,5.972328000000001e-06,0.010542080417633,0.6753063999075034,9.0,0.42,0.00138
268,2,0,20,20,4,124,0.0248,7.277328000000001e-06,0.011204638841629,0.7284270899090478,9.0,0.24,0.001524
269,2,0,20,20,4,125,0.025,7.604064000000001e-06,0.0114264622106552,0.7318668094691749,12.0,0.18,0.00156
270,2,0,20,20,4,127,0.0254,8.140248000000002e-06,0.0123224907932281,0.673675100153782,11.0,0.12,0.001608
271,2,0,20,20,4,128,0.0256,8.376408000000002e-06,0.0124730206532478,0.6765881762687705,11.0,0.12,0.001632
272,2,0,20,20,4,129,0.0258,8.567352e-06,0.0126293739166259,0.6749829950101107,13.0,0.12,0.001656
273,2,0,20,20,4,133,0.0266,9.069840000000002e-06,0.013552813729763,0.6205125233689381,13.0,0.48,0.001692
274,2,0,20,20,4,136,0.0272,9.262224000000002e-06,0.0141356362252235,0.5824979796594655,14.0,0.06,0.001716
275,2,0,20,20,6,116,0.0232,4.946040000000001e-06,0.0101289635481834,0.6058114423900752,10.0,0.36,0.00126
276,2,0,20,20,6,117,0.0234,5.431392000000001e-06,0.0107990509700775,0.5852613305544666,7.0,0.3,0.00132
277,2,0,20,20,6,119,0.0238,6.276312000000001e-06,0.0118589617795944,0.5608168449522105,11.0,0.3,0.001428
278,2,0,20,20,6,120,0.024,6.637392000000001e-06,0.0124934024920463,0.5343746755475233,13.0,0.18,0.001464
279,2,0,20,20,6,122,0.0244,7.219224000000001e-06,0.0129423730230331,0.5415923929955248,11.0,0.18,0.001524
280,2,0,20,20,6,123,0.0246,7.477920000000001e-06,0.0133574024691581,0.526679791658685,12.0,0.18,0.00156
281,2,0,20,20,6,125,0.025,7.851960000000001e-06,0.0142095487918853,0.4886831530125741,13.0,0.06,0.001596
282,2,0,20,20,6,128,0.0256,8.167392e-06,0.0140228725962638,0.52193844553164,12.0,0.06,0.00162
283,2,0,20,20,6,140,0.028,8.558424000000002e-06,0.0176023695144653,0.3471054200662493,15.0,0.0,0.001644
284,2,0,20,20,6,123,0.0246,6.302520000000001e-06,0.0111983158979415,0.6315658916847243,13.0,0.24,0.001416
285,2,0,20,20,6,125,0.025,6.980112000000001e-06,0.0118684033527374,0.622712609616323,13.0,0.24,0.0015
286,2,0,20,20,6,126,0.0252,7.250472000000001e-06,0.0123951972813606,0.5930198860063949,8.0,0.12,0.001524
287,2,0,20,20,6,128,0.0256,7.692192e-06,0.0132192258467674,0.5531563916620936,13.0,0.12,0.001572
288,2,0,20,20,6,129,0.0258,7.844472000000001e-06,0.0134662552843093,0.5436005589863627,11.0,0.06,0.001584
289,2,0,20,20,6,131,0.0262,8.101368000000001e-06,0.0141077254099845,0.5115101172377464,14.0,0.18,0.001608
290,2,0,20,20,6,134,0.0268,8.310024e-06,0.0144389011516571,0.5008917234275921,10.0,0.3,0.001644
291,2,0,20,40,4,92,0.0184,1.1399472000000002e-05,0.0190322214689254,0.3954719039245383,21.0,0.06,0.001908
292,2,0,20,40,4,95,0.019,1.1644920000000002e-05,0.019141074268341,0.3994052384595183,21.0,3.3600000000000003,0.00192
293,2,0,20,40,4,97,0.0194,1.1692368e-05,0.0192334560885429,0.3971894268974145,21.0,0.06,0.00192
294,2,0,20,40,4,101,0.0202,1.1658600000000002e-05,0.019621074271202,0.3805491031575679,22.0,1.2,0.00192
295,2,0,20,40,4,96,0.0192,1.1193696000000002e-05,0.0186341625809669,0.4051012762818752,21.0,0.06,0.001884
296,2,0,20,40,4,102,0.0204,1.1360160000000002e-05,0.019864985086441,0.3617577346952856,24.0,2.64,0.001896
297,2,0,20,40,4,116,0.0232,1.07766e-05,0.0205714257645607,0.3200094781728665,23.0,1.44,0.001836
298,2,0,20,40,4,117,0.0234,1.0718208000000002e-05,0.0196373382940292,0.3492744369372909,23.0,0.06,0.001848
299,2,0,20,40,4,118,0.0236,1.069128e-05,0.019414808429718,0.356429259603084,23.0,-0.06,0.001836
300,2,0,20,40,5,96,0.0192,1.1790216000000002e-05,0.0169732526392936,0.5142821780006729,22.0,0.06,0.001944
301,2,0,20,40,5,102,0.0204,1.2300768000000002e-05,0.0157974595956802,0.6193948427866207,18.0,9.06,0.00198
302,2,0,20,40,5,106,0.0212,1.2267936000000002e-05,0.016551693338871,0.5627253798346016,16.0,3.54,0.00198
303,2,0,20,40,5,107,0.0214,1.2240576000000002e-05,0.0194806924495697,0.4053245775565426,25.0,-0.06,0.001968
304,2,0,20,40,5,112,0.0224,1.2161016e-05,0.0184605461597442,0.4484258424500604,23.0,1.26,0.001968
305,2,0,20,40,5,116,0.0232,1.2028896000000002e-05,0.0175216344408988,0.492364127267283,20.0,-35.82,0.001968
306,2,0,20,40,6,91,0.0182,1.0667664e-05,0.0159829296998977,0.5247668757681071,20.0,0.0,0.001848
307,2,0,20,40,6,92,0.0184,1.0961136e-05,0.0160309296898841,0.5359792931321489,16.0,0.12,0.001872
308,2,0,20,40,6,94,0.0188,1.1352384e-05,0.0170954578270912,0.4881299609013171,16.0,0.06,0.001908
309,2,0,20,40,6,96,0.0192,1.1584728e-05,0.017034605020523,0.5016855233774596,14.0,-18.3,0.00192
310,2,0,20,40,6,138,0.0276,1.0603728e-05,0.0159575167121887,0.5232844472793471,18.0,0.0,0.001836
311,2,0,25,40,4,96,0.0192,7.233120000000001e-06,0.0183029868378639,0.2713261169249758,15.0,-37.86,0.0015
312,2,0,25,40,4,98,0.0196,7.366248000000001e-06,0.0147707834043502,0.4242766593263618,17.0,0.12,0.001524
313,2,0,25,40,4,102,0.0204,7.339968000000001e-06,0.0146379305963516,0.4304717572679987,18.0,0.12,0.001524
314,2,0,25,40,4,108,0.0216,6.990552000000001e-06,0.0135128422765731,0.4810917609008194,12.0,3.9,0.001476
315,2,0,25,40,4,109,0.0218,6.965640000000001e-06,0.0132238431444168,0.500559272812664,12.0,0.0,0.001476
316,2,0,25,40,4,137,0.0274,6.090624e-06,0.0108356968460083,0.6518654469579789,12.0,-7.56,0.001392
317,2,0,25,40,5,91,0.0182,7.531416000000001e-06,0.0143312543978691,0.4608059625685248,15.0,0.0,0.001536
318,2,0,25,40,5,103,0.0206,7.230312000000001e-06,0.0119731384091377,0.6337980465777232,12.0,2.76,0.001512
319,2,0,25,40,5,106,0.0212,2.184048e-06,0.0110994042305946,0.2227782080274037,7.0,-1.62,0.00084
320,2,0,25,40,6,91,0.0182,6.197760000000001e-06,0.0130553435854911,0.4569492901095773,14.0,0.0,0.001404
321,2,0,25,40,6,94,0.0188,6.992424000000001e-06,0.0136939020209312,0.4685793940299494,18.0,0.24,0.0015
322,2,0,25,40,6,95,0.019,7.127856000000001e-06,0.0137132847089767,0.4763057187457589,16.0,0.06,0.001512
323,2,0,25,40,6,96,0.0192,7.191144000000001e-06,0.014657313275814,0.4206289005857409,17.0,0.0,0.001512
324,2,0,25,40,6,97,0.0194,7.242048000000001e-06,0.0148415773229599,0.4131532228836397,14.0,0.0,0.001512
325,2,0,25,40,6,101,0.0202,7.238664000000001e-06,0.0140820197753906,0.4587101844154274,16.0,0.0,0.001512
326,2,0,25,40,6,102,0.0204,7.240392000000001e-06,0.0141334310374259,0.4554877857887254,12.0,0.0,0.001512
327,2,0,25,40,6,105,0.021,7.216848e-06,0.014973224093914,0.4045076818447255,16.0,0.48,0.001524
328,4,0,20,20,4,122,0.0244,6.765840000000001e-06,0.0117981089787483,0.6108109027880695,10.0,0.24,0.001464
329,4,0,20,20,4,123,0.0246,7.130088000000001e-06,0.0121411384134292,0.6078353215289772,12.0,0.18,0.0015
330,4,0,20,20,4,124,0.0248,7.442496000000001e-06,0.0125198146004676,0.5966679063340448,13.0,0.18,0.001536
331,4,0,20,20,4,125,0.025,7.698528e-06,0.0129501089644432,0.5768603808701341,14.0,0.12,0.00156
332,4,0,20,20,4,127,0.0254,8.153568000000002e-06,0.01396904920578,0.5250780542682773,16.0,0.06,0.001596
333,4,0,20,20,4,138,0.0276,9.025056e-06,0.0136679894528388,0.6070863937251647,13.0,0.0,0.00168
334,4,0,20,20,4,140,0.028,8.993736000000002e-06,0.0156607816386222,0.4608113113127122,15.0,0.06,0.001668
335,4,0,20,20,4,141,0.0282,8.972784000000001e-06,0.0160452812361717,0.4379680300757548,17.0,-0.06,0.001656
336,4,0,20,20,6,122,0.0244,4.184928e-06,0.0103876397209167,0.4873759534126486,5.0,5.1000000000000005,0.001164
337,4,0,20,20,6,123,0.0246,4.718592000000001e-06,0.0108477574753761,0.5038976778433703,10.0,0.3,0.001224
338,4,0,20,20,6,126,0.0252,6.0617520000000005e-06,0.0116741981649398,0.5589254773755621,12.0,0.24,0.001392
339,4,0,20,20,6,128,0.0256,6.754032000000001e-06,0.0122870509643554,0.562182935215304,14.0,0.24,0.001476
340,4,0,20,20,6,129,0.0258,7.052112000000001e-06,0.0126861089730262,0.550645620904187,13.0,0.12,0.0015
341,4,0,20,20,6,130,0.026,7.300080000000001e-06,0.0131472258210182,0.530724624384087,11.0,0.18,0.001536
342,4,0,20,20,6,132,0.0264,7.695648000000001e-06,0.0133906370830535,0.5393275172446684,12.0,0.12,0.001572
343,4,0,20,20,6,133,0.0266,7.845192e-06,0.0136393721394538,0.529937537049001,11.0,0.06,0.001584
344,4,0,20,20,6,140,0.028,8.325432e-06,0.015016606777668,0.4639519718589435,11.0,0.06,0.001644
345,4,0,20,40,4,91,0.0182,1.0857888000000002e-05,0.0217489244213104,0.2884560508408036,16.0,0.0,0.00186
346,4,0,20,40,4,95,0.019,1.1041992000000002e-05,0.0227673651423454,0.2676897527474743,19.0,-0.06,0.001824
347,4,0,20,40,4,127,0.0254,1.0199592e-05,0.0199391902313232,0.3223870810203439,12.0,5.1000000000000005,0.0018
348,4,0,20,40,5,91,0.0182,1.129788e-05,0.0182380162868499,0.4268267436840257,19.0,0.0,0.001908
349,4,0,20,40,5,96,0.0192,1.1890584000000002e-05,0.0209214846396446,0.341372120256369,20.0,0.0,0.001968
350,4,0,20,40,6,94,0.0188,1.0815120000000002e-05,0.018809691576004,0.3841296739875408,21.0,0.12,0.00186
351,4,0,20,40,6,96,0.0192,1.1097792000000002e-05,0.0199568673305511,0.3501561063418716,21.0,0.24,0.001896
352,4,0,20,40,6,105,0.021,1.1256624000000002e-05,0.021502101940155,0.3059540389925194,18.0,5.1000000000000005,0.001896
353,4,0,20,40,6,119,0.0238,1.0722528e-05,0.0210262197046279,0.3047787312804016,20.0,0.18,0.001872
354,4,0,20,40,6,133,0.0266,1.026036e-05,0.0170064872660636,0.4458032461249718,18.0,-0.06,0.001812
355,4,0,20,40,6,93,0.0186,1.049184e-05,0.0175250457086563,0.4292825195459179,18.0,0.12,0.001836
356,4,0,20,40,6,94,0.0188,1.0735128000000002e-05,0.0177141340084075,0.4299096953775341,23.0,0.12,0.00186
357,4,0,20,40,6,95,0.019,1.092492e-05,0.0181718396515846,0.4157481616897117,18.0,0.06,0.001872
358,4,0,20,40,6,96,0.0192,1.10718e-05,0.0190807209978103,0.3821541090854254,23.0,0.06,0.001884
359,4,0,20,40,6,97,0.0194,1.1187864000000002e-05,0.0187529565196037,0.3997767647815471,22.0,0.06,0.001896
360,4,0,20,40,6,98,0.0196,1.1257776000000002e-05,0.0191995149593353,0.3837796591004781,16.0,0.0,0.001896
361,4,0,25,40,4,97,0.0194,7.015320000000001e-06,0.0203736023755073,0.2123839521337112,18.0,3.42,0.001512
362,4,0,25,40,4,104,0.0208,3.767184000000001e-06,0.0180629868392944,0.1450933693301122,18.0,-0.42,0.001308
363,4,0,25,40,4,106,0.0212,3.71196e-06,0.0119018449072837,0.3292945767766264,7.0,-1.0799999999999998,0.001188
364,4,0,25,40,4,109,0.0218,3.636072e-06,0.0121534916696548,0.3093429359605692,10.0,-23.22,0.0012
365,4,0,25,40,4,111,0.0222,3.667896e-06,0.0111784336509704,0.3688628948580497,8.0,-1.14,0.001212
366,4,0,25,40,5,93,0.0186,6.916968000000001e-06,0.0195308976430892,0.2278668887234233,18.0,5.159999999999999,0.001488
367,4,0,25,40,5,95,0.019,7.476120000000001e-06,0.0142781375312805,0.4608324002398193,19.0,0.24,0.00156
368,4,0,25,40,5,98,0.0196,7.585920000000001e-06,0.0156709297041893,0.3881759257763209,14.0,0.0,0.00156
369,4,0,25,40,5,104,0.0208,7.517736000000001e-06,0.0168656059069633,0.3321184775151127,15.0,6.779999999999999,0.001548
370,4,0,25,40,5,109,0.0218,7.367400000000001e-06,0.0155967245292663,0.3805899451482123,18.0,5.58,0.001548
371,4,0,25,40,5,104,0.0208,7.453080000000001e-06,0.014916489013195,0.4209324641938244,16.0,3.42,0.001548
372,4,0,25,40,6,91,0.0182,7.167312000000001e-06,0.0173584586877822,0.2989123464795791,18.0,0.0,0.001524
373,4,0,25,40,6,92,0.0184,7.143552000000001e-06,0.0176598110947608,0.287840544226871,18.0,0.0,0.001524
374,4,0,25,40,6,91,0.0182,6.393168000000001e-06,0.014138754846096,0.4018867172016827,16.0,0.0,0.001428
375,4,0,25,40,6,92,0.0184,6.628968000000001e-06,0.0150786656455993,0.3663784863106503,21.0,0.12,0.001452
376,4,0,25,40,6,99,0.0198,7.154568000000001e-06,0.0166622517642974,0.3238365731643167,17.0,0.0,0.001524
377,4,0,25,40,6,101,0.0202,7.160112000000001e-06,0.0163761643209457,0.3355098731461499,16.0,0.0,0.001512
378,4,0,25,40,6,105,0.021,7.041456000000001e-06,0.0157281643209457,0.3576977910715503,15.0,0.06,0.0015
379,4,0,25,40,6,137,0.0274,5.7863520000000006e-06,0.0123336379609107,0.4780048700114455,11.0,-0.36,0.001368
380,0,0,18,30,4,114,0.0228,1.3188168e-05,0.0177480751447677,0.5261284870927778,22.0,0.18,0.002052
381,0,0,18,30,4,118,0.0236,1.37016e-05,0.0187243391962051,0.4910979813502056,19.0,-11.88,0.002076
382,0,0,18,30,4,119,0.0238,1.3753224e-05,0.0188009565052986,0.4889387873229827,18.0,0.06,0.002088
383,0,0,18,30,4,120,0.024,1.3758768000000002e-05,0.0181226335887908,0.526437468567357,19.0,0.06,0.0021
384,0,0,18,30,4,121,0.0242,1.3787352000000002e-05,0.0181396041426658,0.5265445439581208,21.0,0.0,0.0021
385,0,0,18,30,4,122,0.0244,1.3799880000000002e-05,0.0180196041498184,0.5340656935827264,19.0,0.0,0.0021
386,0,0,18,30,4,123,0.0246,1.3864248000000002e-05,0.0188928387765884,0.4881033016450469,19.0,0.0,0.0021
387,0,0,18,30,4,127,0.0254,1.3877928e-05,0.0183788976545333,0.5162922136066599,18.0,0.06,0.0021
388,0,0,18,30,4,128,0.0256,1.3853160000000002e-05,0.0195922500228881,0.4535133601961641,19.0,-0.06,0.002088
389,0,0,18,30,7,115,0.023,1.2294216000000002e-05,0.0179664872760772,0.478612850212836,21.0,0.0,0.001992
390,0,0,18,30,7,116,0.0232,1.2458808000000002e-05,0.0180857807564735,0.4786431339478471,22.0,0.06,0.002004
391,0,0,18,30,7,117,0.0234,1.2579048000000002e-05,0.0181893097586631,0.4777769574887071,20.0,0.06,0.002016
392,0,0,18,30,7,118,0.0236,1.2663360000000002e-05,0.0182203392162323,0.4793424607787984,24.0,0.0,0.002016
393,0,0,18,30,7,119,0.0238,1.2720816000000002e-05,0.0183643391776084,0.47399550613026,24.0,0.06,0.002028
394,0,0,18,30,7,120,0.024,1.2758184000000002e-05,0.0182578985037803,0.4809469205527447,19.0,0.0,0.002028
395,0,0,18,30,7,121,0.0242,1.2789936e-05,0.0182086924324035,0.4847532337853607,21.0,0.0,0.002028
396,0,0,18,30,7,122,0.0244,1.2799368000000002e-05,0.0181121928763389,0.4902937094376068,23.0,0.0,0.002028
397,0,0,18,30,7,123,0.0246,1.2807144000000002e-05,0.0180021340298652,0.4966085301426592,22.0,0.0,0.002028
398,0,0,18,30,7,124,0.0248,1.2805344e-05,0.0179330457215309,0.5003720034427527,21.0,0.0,0.002028
399,0,0,18,30,7,125,0.025,1.2800520000000002e-05,0.0177820162696838,0.5087160853082315,23.0,0.0,0.002028
400,0,0,18,30,7,126,0.0252,1.2793392000000002e-05,0.0176831045866012,0.5141366223673407,24.0,0.0,0.002028
401,0,0,18,30,7,128,0.0256,1.2771432000000002e-05,0.0178540162596702,0.5034746486359214,22.0,0.06,0.002028
402,0,0,18,30,7,129,0.0258,1.2760848e-05,0.0181366924395561,0.4874984317974665,22.0,-0.06,0.002016
403,0,0,18,30,7,130,0.026,1.2758832e-05,0.0176426335587501,0.5151028530224784,20.0,0.06,0.002028
404,0,0,18,30,7,134,0.0268,1.256004e-05,0.0220175417718887,0.3255841305626156,19.0,0.0,0.002004
405,0,0,18,30,7,136,0.0272,1.2504456000000002e-05,0.023548010992527,0.283378049683722,23.0,0.0,0.002004
406,0,0,18,40,4,96,0.0192,1.5700176000000004e-05,0.0225011599416732,0.3896768191510059,22.0,1.74,0.002244
407,0,0,18,40,4,102,0.0204,1.5988824e-05,0.0211127781357765,0.450749878287144,24.0,0.0,0.002244
408,0,0,18,40,4,103,0.0206,1.5984576000000004e-05,0.021142101940155,0.4493809518858197,26.0,0.0,0.002244
409,0,0,18,40,4,105,0.021,1.5994872000000002e-05,0.0212104837903976,0.4467756384058391,22.0,6.0,0.002244
410,0,0,18,40,4,106,0.0212,1.5969672e-05,0.0218660127596855,0.4197267668071573,24.0,-0.06,0.002232
411,0,0,18,40,7,100,0.02,1.4275584000000002e-05,0.0195056915874481,0.47149928838595,24.0,0.12,0.002136
412,0,0,18,40,7,101,0.0202,1.44612e-05,0.0195711617031097,0.4744396600567136,24.0,0.12,0.00216
413,0,0,18,40,7,104,0.0208,1.4833080000000002e-05,0.0199621911520957,0.4677618335085952,23.0,0.06,0.002184
414,0,0,18,40,7,105,0.021,1.4906736000000004e-05,0.0200312794661521,0.4668475070716157,23.0,0.06,0.002196
415,0,0,18,40,7,106,0.0212,1.4963184000000002e-05,0.0199757504696846,0.4712242933192387,26.0,0.0,0.002196
416,0,0,18,40,7,108,0.0216,1.5027480000000002e-05,0.0202303089022636,0.4614142409132015,23.0,0.06,0.002196
417,0,0,18,40,7,114,0.0228,1.5081408000000005e-05,0.0202033972034454,0.4643045596976009,24.0,0.0,0.002196
418,0,0,18,40,7,120,0.024,1.4957064000000004e-05,0.0194242500329017,0.4981586737310085,18.0,0.18,0.002196
419,1,0,18,30,4,121,0.0242,1.2438144000000002e-05,0.0248321572852134,0.2534758241104929,21.0,0.12,0.001992
421,1,0,18,30,4,125,0.025,1.3222368e-05,0.0206785729451179,0.3885777915458178,22.0,0.12,0.002076
422,1,0,18,30,4,129,0.0258,1.3540104000000002e-05,0.0221927781386375,0.3454685531149376,31.0,0.06,0.002088
423,1,0,18,30,4,134,0.0268,1.3698648000000004e-05,0.0204438967752456,0.4118700488945113,21.0,0.0,0.0021
424,1,0,18,30,4,135,0.027,1.3703112000000002e-05,0.0202501911606788,0.419924116180029,22.0,0.0,0.0021
425,1,0,18,30,4,140,0.028,1.3825440000000004e-05,0.0215394543356895,0.3744720703419446,23.0,0.12,0.002124
426,1,0,18,30,4,142,0.0284,1.3908096000000002e-05,0.0209476898546218,0.3982953840284649,21.0,-9.06,0.002124
427,1,0,18,30,4,143,0.0286,1.3945464000000002e-05,0.0223477183842659,0.3508944127326667,28.0,0.0,0.002124
428,1,0,18,30,4,152,0.0304,1.3895280000000004e-05,0.0243148049468994,0.2953490556274155,18.0,8.639999999999999,0.002124
429,1,0,18,30,7,116,0.0232,1.1634264e-05,0.0242238361215591,0.2491511745841952,26.0,0.06,0.001956
430,1,0,18,30,7,117,0.0234,1.1671920000000002e-05,0.022641748702526,0.2861094710271107,22.0,0.0,0.001956
431,1,0,18,30,7,120,0.024,1.1834784000000002e-05,0.0226890422229766,0.2888935683942936,21.0,0.06,0.00198
432,1,0,18,30,7,121,0.0242,1.1851128000000002e-05,0.0221464837546348,0.3036407031965273,20.0,0.0,0.00198
433,1,0,18,30,7,122,0.0244,1.1899296000000002e-05,0.0223455131664276,0.2994680305748173,19.0,0.0,0.00198
434,1,0,18,30,7,125,0.025,1.1921472e-05,0.0221021019687652,0.3066709162076553,26.0,0.0,0.00198
435,1,0,18,30,7,127,0.0254,1.1905632e-05,0.0211328673405647,0.3350005074558633,21.0,0.0,0.001968
436,1,0,18,30,7,129,0.0258,1.1901744000000002e-05,0.0221973954448699,0.3035403499928159,26.0,0.06,0.00198
437,1,0,18,40,4,104,0.0208,1.4716656000000002e-05,0.0222172777218818,0.3746599878685136,25.0,0.24,0.002184
438,1,0,18,40,4,105,0.021,1.4787720000000002e-05,0.0221266015062332,0.3795610627680471,24.0,0.06,0.002196
439,1,0,18,40,4,110,0.022,1.4918544000000002e-05,0.0220029833092689,0.387233716973058,26.0,0.18,0.002196
440,1,0,18,40,7,113,0.0226,1.3008312000000002e-05,0.0180443106322288,0.5020537543736244,18.0,0.0,0.002052
441,1,0,18,40,7,115,0.023,1.332036e-05,0.0195638396673202,0.4373384248786187,23.0,0.06,0.002088
442,1,0,18,40,7,117,0.0234,1.3520304000000004e-05,0.0203258093276023,0.411244995745639,21.0,0.12,0.0021
443,1,0,18,40,7,120,0.024,1.3711248e-05,0.0206388084568977,0.4044991461174694,30.0,0.06,0.002112
444,1,0,18,40,7,126,0.0252,1.3841136000000002e-05,0.0202911617231369,0.422442666673794,22.0,0.06,0.002112
445,1,0,18,40,7,127,0.0254,1.3820472000000004e-05,0.0208683677558898,0.3988005755066892,23.0,0.0,0.002112
446,1,0,18,40,7,133,0.0266,1.3675680000000002e-05,0.0201910439529418,0.4215423824847642,25.0,0.06,0.002088
447,1,0,18,40,7,99,0.0198,1.3960512000000002e-05,0.0180554578571319,0.538138666821289,16.0,0.0,0.002124
448,1,0,18,40,7,100,0.02,1.4124816e-05,0.0181572811889648,0.5383826113704979,15.0,0.06,0.002136
449,1,0,18,40,7,101,0.0202,1.4257944000000002e-05,0.0180923106679916,0.5473671068149939,18.0,0.06,0.002148
450,1,0,18,40,7,102,0.0204,1.4383800000000004e-05,0.0189919573731422,0.5011226655052783,17.0,0.12,0.002172
451,1,0,18,40,7,103,0.0206,1.4483880000000002e-05,0.0185044283881187,0.5315491572502935,17.0,-0.06,0.00216
452,1,0,18,40,7,105,0.021,1.4638968000000002e-05,0.0184416630120277,0.5409039610939741,16.0,0.0,0.002172
453,1,0,18,40,7,106,0.0212,1.4703336000000002e-05,0.0184217807707786,0.5444556719942689,16.0,0.0,0.002172
454,1,0,18,40,7,110,0.022,1.48266e-05,0.0193488387737274,0.4976701851719325,19.0,0.0,0.002172
455,1,0,18,40,7,115,0.023,1.4805e-05,0.0196220733919143,0.4832017341314105,14.0,-0.18,0.002184
456,2,0,18,30,4,132,0.0264,1.3843008e-05,0.0187202214775085,0.4963846794212471,21.0,0.12,0.0021
457,2,0,18,30,4,133,0.0266,1.3974192000000002e-05,0.0183708690705299,0.5203279631408005,18.0,0.06,0.002112
458,2,0,18,30,4,134,0.0268,1.4081256000000002e-05,0.0182023695330619,0.5340665826421533,21.0,0.06,0.002124
459,2,0,18,30,4,135,0.027,1.4150952000000004e-05,0.0183000751562118,0.5309941973784059,23.0,0.0,0.002124
460,2,0,18,30,4,139,0.0278,1.4315688e-05,0.0184855452561378,0.5264505191683205,22.0,5.46,0.002136
461,2,0,18,30,4,140,0.028,1.4302152000000002e-05,0.0195103088665008,0.4721532287136853,21.0,0.0,0.002136
462,2,0,18,30,4,116,0.0232,1.4006664000000002e-05,0.0169211348991394,0.6147316859644675,16.0,0.12,0.002124
463,2,0,18,30,4,117,0.0234,1.4170320000000002e-05,0.0169538699655532,0.6195149998968693,18.0,0.06,0.002136
464,2,0,18,30,4,118,0.0236,1.4295528000000002e-05,0.017147076031208,0.610984112572356,18.0,0.0,0.002136
465,2,0,18,30,4,120,0.024,1.4491368000000002e-05,0.0172026050291061,0.6153621970246631,23.0,0.06,0.002148
466,2,0,18,30,4,121,0.0242,1.4559912000000002e-05,0.0173061340184211,0.6108976985566777,20.0,0.0,0.002148
467,2,0,18,30,4,122,0.0244,1.461168e-05,0.0173189868149757,0.612160147958597,20.0,0.06,0.00216
468,2,0,18,30,4,123,0.0246,1.4657976000000002e-05,0.017259839635849,0.6183158191027938,16.0,0.0,0.00216
469,2,0,18,30,4,125,0.025,1.4713416000000004e-05,0.0173938985495567,0.611124243657331,21.0,0.0,0.00216
470,2,0,18,30,4,126,0.0252,1.4709456000000002e-05,0.0174571634645462,0.606539541192189,19.0,0.0,0.00216
471,2,0,18,30,4,127,0.0254,1.4725656000000002e-05,0.0167051348948478,0.6631084177222611,22.0,0.0,0.00216
472,2,0,18,30,4,128,0.0256,1.4741712000000004e-05,0.0170598110904693,0.6365160380879987,20.0,0.06,0.002172
473,2,0,18,30,4,133,0.0266,1.4600016e-05,0.0211883963284492,0.4086646008866617,18.0,2.34,0.00216
474,2,0,18,30,4,121,0.0242,1.3777848000000002e-05,0.0184574275302886,0.5082166737115676,20.0,0.12,0.0021
475,2,0,18,30,4,124,0.0248,1.4049432000000002e-05,0.0191633686509132,0.4807562312883978,21.0,0.0,0.0021
476,2,0,18,30,4,125,0.025,1.4099616000000002e-05,0.0185429868192672,0.5152971846855704,19.0,0.06,0.002112
477,2,0,18,30,4,127,0.0254,1.4168664000000002e-05,0.0189316041541099,0.4967798079209957,19.0,0.0,0.002112
478,2,0,18,30,7,127,0.0254,1.3152456e-05,0.0178183695259094,0.5205719928110225,20.0,0.0,0.002052
479,2,0,18,30,7,128,0.0256,1.3254192000000002e-05,0.0179255167036056,0.518346004609127,22.0,0.0,0.002052
480,2,0,18,30,7,130,0.026,1.3391568e-05,0.0179272223396301,0.523618865482919,28.0,0.06,0.002064
481,2,0,18,30,7,136,0.0272,1.3528224000000004e-05,0.0183992794504165,0.5021679816764281,25.0,0.0,0.002076
482,2,0,18,30,7,138,0.0276,1.3536144e-05,0.0183355149593353,0.5059628221232312,23.0,0.0,0.002076
484,2,0,18,40,4,109,0.0218,1.605708e-05,0.0191287210135459,0.5514480036609409,19.0,2.94,0.002256
485,2,0,18,40,4,114,0.0228,1.6329816e-05,0.0190320144968032,0.5665283344226738,25.0,0.06,0.00228
486,2,0,18,40,4,116,0.0232,1.6367040000000004e-05,0.0190026907038688,0.5695735438624544,20.0,3.0,0.00228
488,2,0,18,40,7,99,0.0198,1.2314088000000002e-05,0.0206729565124511,0.3620819993998455,24.0,0.0,0.002004
489,2,0,18,40,7,100,0.02,1.2752496e-05,0.0215333382983207,0.3456068432198244,27.0,0.12,0.002028
490,2,0,18,40,7,101,0.0202,1.3127976e-05,0.0220916612849235,0.3380266071587434,25.0,0.18,0.002064
491,2,0,18,40,7,102,0.0204,1.3448664000000002e-05,0.0221794257774353,0.3435487803890691,24.0,0.18,0.0021
492,2,0,18,40,7,104,0.0208,1.3895568000000002e-05,0.0236449244284629,0.3123275592027207,25.0,0.12,0.002136
493,2,0,18,40,7,105,0.021,1.4045256000000002e-05,0.0240270118718147,0.3057313665350361,26.0,0.06,0.002148
494,2,0,18,40,7,106,0.0212,1.4175720000000002e-05,0.0239474829182624,0.3106241703604651,24.0,0.06,0.00216
495,2,0,18,40,7,107,0.0214,1.4266152000000004e-05,0.0242793651123046,0.3041179531482662,23.0,0.0,0.00216
496,2,0,18,40,7,108,0.0216,1.4328792000000002e-05,0.0248265408711433,0.2921373039894722,27.0,0.06,0.002172
497,2,0,18,40,7,109,0.0218,1.4392872000000002e-05,0.0245848352379798,0.2992421200488095,27.0,0.0,0.002172
498,2,0,18,40,7,111,0.0222,1.4448312e-05,0.0247836577219963,0.295594378252751,26.0,0.0,0.002172
499,2,0,18,40,7,112,0.0224,1.4470200000000004e-05,0.0246454811325073,0.2993710467973311,29.0,0.0,0.002172
500,2,0,18,40,7,113,0.0226,1.4478480000000002e-05,0.0247526283345222,0.2969546927795746,25.0,0.0,0.002172
501,3,0,18,30,4,124,0.0248,1.4503680000000002e-05,0.0196620448365211,0.47144464707253,20.0,0.0,0.002148
502,3,0,18,30,7,114,0.0228,1.1233368e-05,0.0173829582767486,0.4671673416980563,20.0,0.24,0.001908
503,3,0,18,30,7,115,0.023,1.1631024000000002e-05,0.017747575577259,0.4640339408643459,19.0,0.18,0.001944
504,3,0,18,30,7,116,0.0232,1.1968416e-05,0.0180455167093277,0.4618573889914822,20.0,0.12,0.001968
505,3,0,18,30,7,119,0.0238,1.2731904000000002e-05,0.0176299877414703,0.5147533701841075,22.0,0.0,0.002016
506,3,0,18,30,7,121,0.0242,1.3081176000000002e-05,0.0179476041326522,0.5103212927538102,18.0,0.12,0.002052
507,3,0,18,30,7,122,0.0244,1.3210632e-05,0.0178557218885421,0.5206892757928241,18.0,0.0,0.002052
508,3,0,18,40,4,106,0.0212,1.5482304000000003e-05,0.0209949833121299,0.4413817651946628,25.0,-0.18,0.002232
509,3,0,18,40,4,107,0.0214,1.5593184e-05,0.0210628655776977,0.441682055646363,24.0,0.0,0.002232
510,3,0,18,40,4,113,0.0226,1.5939144e-05,0.0221433651094436,0.4084958194882355,24.0,-0.72,0.002256
511,3,0,18,40,7,345,0.069,1.3847040000000004e-05,0.0197011028323173,0.4483175446287577,27.0,0.12,0.002112
512,3,0,18,40,7,348,0.0696,1.422756e-05,0.0200657201199531,0.4440488903443951,22.0,0.06,0.002136
513,3,0,18,40,7,350,0.07,1.4336064e-05,0.0205784551992416,0.4254164271069063,28.0,0.0,0.002136
514,3,0,18,40,7,355,0.071,1.4387544000000004e-05,0.0206866015176773,0.42249174838471,23.0,0.0,0.002148
515,3,0,18,40,7,356,0.0712,1.43676e-05,0.0214509833521842,0.3923735112622978,22.0,-0.06,0.002136
516,3,0,18,40,7,360,0.072,1.4345712000000002e-05,0.0214815132036209,0.3906629546447777,26.0,0.0,0.002136
517,3,0,18,40,7,364,0.0728,1.4273352000000002e-05,0.0211391902713775,0.4013831571147775,24.0,0.0,0.002136
518,4,0,18,30,4,127,0.0254,1.3903272e-05,0.0200410136375427,0.4349982563822113,24.0,0.0,0.002112
519,4,0,18,30,4,135,0.027,1.4498568e-05,0.0229363642601966,0.3463265762125525,20.0,-0.36,0.002088
520,4,0,18,30,7,131,0.0262,1.3161312000000002e-05,0.0202308084411621,0.4040941588180076,22.0,0.0,0.002052
521,4,0,18,30,7,137,0.0274,1.3246992000000002e-05,0.0207505729451179,0.3866045428674053,15.0,0.12,0.002064
522,4,0,18,30,7,138,0.0276,1.3242600000000004e-05,0.0199745443739891,0.4170896007597047,18.0,0.0,0.002064
523,4,0,18,40,4,92,0.0184,1.4042376000000002e-05,0.022893188498497,0.3366959505891133,23.0,0.0,0.002136
524,4,0,18,40,4,93,0.0186,1.4336136000000002e-05,0.023893952117443,0.3155484114762464,22.0,0.06,0.002148
525,4,0,18,40,4,98,0.0196,1.5298128000000002e-05,0.023287629222393,0.3544847845205541,22.0,0.12,0.00222
526,4,0,18,40,7,113,0.0226,1.4623704e-05,0.0207956612634658,0.4249342946147315,22.0,0.0,0.00216
527,4,0,18,40,7,117,0.0234,1.4836104000000004e-05,0.0209794257817268,0.4235869178256182,24.0,0.06,0.002172
528,4,0,18,40,7,119,0.0238,1.4893632000000002e-05,0.0214335131850242,0.4074025640602025,25.0,0.0,0.002172
529,4,0,18,40,7,129,0.0258,1.4928192000000002e-05,0.0215617487354278,0.4035051802234922,24.0,0.12,0.002196
530,5,0,18,30,4,129,0.0258,1.3293288000000002e-05,0.0207719538888931,0.3871574120907433,17.0,0.06,0.002064
531,5,0,18,30,4,132,0.0264,1.3569912e-05,0.020855600628376,0.3920500303129385,22.0,-0.12,0.002076
532,5,0,18,30,4,134,0.0268,1.3687992000000002e-05,0.0212670118989944,0.3803090486089657,20.0,0.0,0.002076
533,5,0,18,30,4,135,0.027,1.3561344000000002e-05,0.0221901590709686,0.3460921633261269,18.0,0.0,0.00204
534,5,0,18,30,4,136,0.0272,1.3577616000000002e-05,0.0220849244484901,0.3498175147855521,19.0,0.0,0.00204
535,5,0,18,30,4,138,0.0276,1.3556736000000002e-05,0.0231501590480804,0.3178754914700316,17.0,6.12,0.002028
536,5,0,18,30,4,139,0.0278,1.3544136e-05,0.0231150118803977,0.3185465662717213,18.0,-0.06,0.002016
537,5,0,18,30,8,114,0.0228,1.4539248000000004e-05,0.0164786942124366,0.6728313500792289,15.0,0.06,0.002148
538,5,0,18,30,8,115,0.023,1.4664672000000002e-05,0.0158197539682388,0.7363474170597958,15.0,0.06,0.00216
539,5,0,18,30,7,121,0.0242,1.2225456e-05,0.0205626907110214,0.3633415332450561,18.0,0.12,0.002004
540,5,0,18,30,7,123,0.0246,1.241208e-05,0.0210560430765151,0.3518041103471608,24.0,0.0,0.002004
541,5,0,18,30,7,128,0.0256,1.2633912000000002e-05,0.021417249147892,0.3461149303222597,19.0,0.0,0.002028
542,5,0,18,30,7,130,0.026,1.2658896000000002e-05,0.0225086889238357,0.3139823948436934,22.0,0.0,0.002016
543,5,0,18,30,7,135,0.027,1.2685104000000004e-05,0.0236915114336013,0.2840000131256854,26.0,0.24,0.002016
544,5,0,18,40,4,108,0.0216,1.4821704000000002e-05,0.0225513651423454,0.3662370911882538,20.0,-0.12,0.002172
545,5,0,18,40,4,110,0.022,1.4977512e-05,0.0250445391025543,0.3000706042283073,22.0,-0.42,0.002148
546,5,0,18,40,4,112,0.0224,1.5079392e-05,0.0246740984659194,0.3112512527850598,25.0,4.5,0.002172
547,5,0,18,40,4,120,0.024,7.906752e-06,0.0206596898488998,0.2327878912759183,16.0,-1.5599999999999998,0.001716
548,5,0,18,40,4,126,0.0252,7.765056000000001e-06,0.0189519859242439,0.2716720787280992,12.0,0.06,0.001692
549,5,0,18,40,8,111,0.0222,1.5790896e-05,0.0185439859557151,0.5770460304994746,21.0,0.18,0.002244
550,5,0,18,40,8,112,0.0224,1.5997824000000004e-05,0.0179025158514976,0.6272528521304118,25.0,0.06,0.002256
551,5,0,18,40,7,106,0.0212,1.4604120000000004e-05,0.0211193080244064,0.4114583574471576,21.0,0.0,0.002172
552,5,0,18,40,7,107,0.0214,1.4691384000000004e-05,0.0212972491450309,0.4070291859984145,26.0,0.0,0.002172
553,5,0,18,40,7,109,0.0218,1.4828616000000004e-05,0.0211607781214714,0.4161474290876713,23.0,0.0,0.002184
554,5,0,18,40,7,110,0.022,1.4872680000000004e-05,0.0211707192664146,0.4169921422989346,24.0,0.0,0.002184
555,5,0,18,40,7,111,0.0222,1.4919336e-05,0.0212667192821502,0.4145322865032745,22.0,0.06,0.002196
556,5,0,18,40,7,112,0.0224,1.4954184000000005e-05,0.0211525426568985,0.4199981959672517,25.0,0.0,0.002196
557,5,0,18,40,7,123,0.0246,1.4880744000000002e-05,0.021638366010189,0.3993793302125457,23.0,0.06,0.002184
558,5,0,18,40,7,124,0.0248,1.4837040000000002e-05,0.0210608673248291,0.4203437816201341,26.0,-0.06,0.002172
559,6,0,18,40,9,91,0.0182,7.822728e-06,0.0166413704109191,0.3549685847597175,14.0,0.0,0.001608
560,6,0,18,40,9,102,0.0204,1.3789224000000002e-05,0.0247048352437019,0.2839133190190138,21.0,-0.12,0.00216
561,6,0,18,40,9,119,0.0238,3.933864e-06,0.0101927280306816,0.4758261798638485,10.0,0.66,0.001128
562,6,0,18,40,9,120,0.024,4.679928000000001e-06,0.0116635505347251,0.4323022389876604,10.0,0.5399999999999999,0.001236
563,6,0,18,40,9,121,0.0242,5.360256000000001e-06,0.0117004033398628,0.4920324313429207,11.0,0.42,0.00132
564,6,0,18,40,9,123,0.0246,6.5510640000000005e-06,0.012788431900978,0.5033697532863891,13.0,6.6,0.001452
565,6,0,18,40,9,125,0.025,7.5350880000000014e-06,0.013428695956707,0.5250860866427183,15.0,0.24,0.00156
566,6,0,18,40,9,126,0.0252,7.95492e-06,0.0137096665377616,0.5318533479952475,19.0,0.18,0.001596
567,6,0,18,40,9,127,0.0254,8.322984000000001e-06,0.0140912544150352,0.5267318886749391,14.0,0.18,0.001632
568,6,0,18,40,9,128,0.0256,8.663328e-06,0.0142985193386077,0.5324912641062056,15.0,0.18,0.001668
569,6,0,18,40,9,129,0.0258,8.959896000000001e-06,0.014764960032463,0.5164737834380466,16.0,0.18,0.001704
570,6,0,18,40,9,130,0.026,9.222264e-06,0.0149710188932418,0.5170644713868606,18.0,0.12,0.001728
571,6,0,18,40,9,131,0.0262,9.455328e-06,0.015331518462181,0.5054941364019323,16.0,0.12,0.001752
572,6,0,18,40,9,132,0.0264,9.64836e-06,0.0153361357784271,0.5155033284177009,18.0,0.06,0.001764
573,6,0,18,40,9,134,0.0268,9.974952e-06,0.0161620769047737,0.479873028209743,20.0,0.12,0.0018
574,6,0,18,40,9,135,0.027,1.012356e-05,0.0163153115272522,0.4779168951330679,19.0,0.06,0.001812
575,6,0,18,40,9,136,0.0272,1.0249416e-05,0.0161473115401268,0.4939790556835955,16.0,0.06,0.001824
576,6,0,18,40,9,140,0.028,1.0551024000000002e-05,0.0169761643280982,0.4600715031693662,17.0,0.0,0.001848
577,6,0,20,20,9,118,0.0236,5.246568000000001e-06,0.0104882570343017,0.5993472625338095,11.0,0.3,0.001296
578,6,0,20,20,9,119,0.0238,5.721984000000001e-06,0.0109687565917968,0.5976428179464556,13.0,0.3,0.001356
579,6,0,20,20,9,121,0.0242,6.534504000000001e-06,0.0117612561507225,0.5936289533568146,11.0,0.24,0.001452
580,6,0,20,20,9,122,0.0244,6.867576000000001e-06,0.0121867262892723,0.5810844102905566,14.0,0.18,0.001488
581,6,0,20,20,9,123,0.0246,7.163496000000001e-06,0.0126386085290908,0.5635550716110039,13.0,0.12,0.001512
582,6,0,20,20,9,124,0.0248,7.421472000000001e-06,0.0129411669831275,0.5568689911461708,14.0,0.18,0.001548
583,6,0,20,20,9,126,0.0252,7.838064e-06,0.013862401605606,0.5125564654882042,15.0,0.12,0.001596
584,6,0,20,20,9,127,0.0254,7.994232000000001e-06,0.0140672544136047,0.507654134786095,15.0,0.06,0.001608
585,6,0,20,20,9,128,0.0256,8.120232000000002e-06,0.0144769600381851,0.4868818109009761,17.0,0.06,0.00162
586,6,0,20,20,9,129,0.0258,8.234856000000001e-06,0.0149909011387825,0.4604795979011146,17.0,0.06,0.001632
587,6,0,20,20,9,130,0.026,8.337312000000002e-06,0.015045930586338,0.4628047527481873,15.0,0.06,0.001644
588,6,0,20,20,9,131,0.0262,8.425728000000001e-06,0.0152544015984535,0.4550162926458913,16.0,0.06,0.001656
589,6,0,20,20,9,132,0.0264,8.488080000000001e-06,0.0156733418412208,0.4342062960787455,15.0,0.0,0.001656
590,6,0,20,20,9,134,0.0268,8.59104e-06,0.0156095773243904,0.4430709927749413,15.0,0.06,0.001668
591,6,0,20,20,9,135,0.027,8.640288000000001e-06,0.0160971063480377,0.4190274327525878,16.0,0.0,0.001668
592,6,0,20,20,9,137,0.0274,8.724960000000001e-06,0.0170258699698448,0.3782288777000167,13.0,0.06,0.00168
593,6,0,20,40,9,100,0.02,1.1821896000000002e-05,0.027981773753643,0.1897345916304322,29.0,0.0,0.001968
594,6,0,20,40,9,139,0.0278,1.0579248000000002e-05,0.0201951617145538,0.3259642650925723,15.0,-0.06,0.00186
595,6,0,25,20,9,123,0.0246,4.4036640000000006e-06,0.0104373453798294,0.5079768599726245,14.0,0.12,0.001188
596,6,0,25,20,9,124,0.0248,4.57884e-06,0.0105801392741203,0.5140230127760372,13.0,0.18,0.001224
597,6,0,25,20,9,125,0.025,4.724496000000001e-06,0.0108669332356452,0.5027491580482235,12.0,0.12,0.001248
598,6,0,25,20,9,126,0.0252,4.827024e-06,0.0111234042134284,0.490245802019604,13.0,0.06,0.00126
599,6,0,25,20,9,127,0.0254,4.908024000000001e-06,0.0114979626660346,0.4665248194293956,14.0,0.06,0.001272
600,6,0,25,20,9,128,0.0256,4.965408000000001e-06,0.0116788154740333,0.4574748362969571,14.0,0.0,0.001272
601,6,0,25,20,9,129,0.0258,5.014368000000001e-06,0.0118526388430595,0.4485346147962526,16.0,0.0,0.001272
602,6,0,25,20,9,131,0.0262,5.094072000000001e-06,0.0120657271513938,0.4397116201038696,15.0,0.0,0.001284
603,6,0,25,20,9,132,0.0264,5.125464000000001e-06,0.0122114327888488,0.4319264546730517,13.0,0.06,0.001296
604,6,0,25,20,9,133,0.0266,5.150016000000001e-06,0.0126099912257194,0.4069948122731157,13.0,0.0,0.001296
605,6,0,25,20,9,136,0.0272,5.193864000000001e-06,0.0128546085391044,0.3949869310285307,13.0,0.24,0.001296
606,6,0,25,20,9,139,0.0278,5.194368000000001e-06,0.01239981457901,0.424533725116213,14.0,0.0,0.001284
607,6,0,25,40,9,96,0.0192,6.859008000000001e-06,0.019484103705883,0.2270441458589392,23.0,0.06,0.001488
608,6,0,25,40,9,106,0.0212,6.577200000000001e-06,0.0178023980855941,0.26079177827662,20.0,0.18,0.001464
609,6,0,25,40,9,113,0.0226,6.2309520000000005e-06,0.0158120180211067,0.3131768621585146,14.0,0.0,0.00144
610,6,0,25,40,9,114,0.0228,6.186600000000001e-06,0.0150505479111671,0.3432079032758188,18.0,-0.06,0.001428
611,6,0,25,40,9,115,0.023,6.147072000000001e-06,0.0148738128275871,0.3491672801659786,14.0,0.0,0.001428
612,6,0,25,40,9,119,0.0238,6.019848000000001e-06,0.0131004319138526,0.4407823143884727,12.0,-0.06,0.001416
613,6,0,25,40,9,123,0.0246,5.907600000000001e-06,0.0123699912199974,0.4851568449353856,14.0,6.3,0.001404
614,6,0,25,40,9,130,0.026,5.733648000000001e-06,0.0121474613242149,0.4882810178817039,11.0,6.36,0.00138
615,6,0,25,40,9,136,0.0272,5.601528e-06,0.0116786085534095,0.5161003712089427,16.0,0.0,0.001356
616,6,0,25,40,9,139,0.0278,5.544864000000001e-06,0.0114761678581237,0.5290624988001739,14.0,0.06,0.001356
617,7,0,18,40,9,100,0.02,1.3117752000000002e-05,0.0211258379044532,0.3693527982811952,28.0,0.3,0.002052
618,7,0,18,40,9,112,0.0224,4.862088000000001e-06,0.0105825514025688,0.5455717895327231,19.0,0.6,0.001248
619,7,0,18,40,9,114,0.0228,6.189984e-06,0.0117888743505477,0.559699234227498,17.0,5.94,0.001404
620,7,0,18,40,9,115,0.023,6.753888000000001e-06,0.0122019912343025,0.5700360225664882,13.0,0.3,0.001464
621,7,0,18,40,9,116,0.0232,7.284096000000001e-06,0.0123699912114143,0.5982004601649709,16.0,0.3,0.001524
622,7,0,18,40,9,117,0.0234,7.764264000000001e-06,0.0125971384048461,0.614846005503483,16.0,0.3,0.001584
623,7,0,18,40,9,118,0.0236,8.208936e-06,0.0128247851328849,0.6271862642441065,17.0,0.18,0.00162
624,7,0,18,40,9,119,0.0238,8.603352000000002e-06,0.0129207851700782,0.6475894199460591,12.0,0.18,0.001656
625,7,0,18,40,9,128,0.0256,1.0874016000000002e-05,0.0162561643338203,0.517087060120084,20.0,0.06,0.00186
626,7,0,18,40,9,138,0.0276,1.1723616e-05,0.0158622232046127,0.5855221589375875,18.0,0.06,0.001932
627,7,0,20,20,9,122,0.0244,6.504768000000001e-06,0.0106639929828643,0.7187899137159676,11.0,0.24,0.00144
628,7,0,20,20,9,123,0.0246,6.851664000000001e-06,0.0110994042248725,0.6988863932934057,12.0,0.18,0.001476
629,7,0,20,20,9,124,0.0248,7.183152000000001e-06,0.0114569921221733,0.6876757211426254,13.0,0.18,0.001512
630,7,0,20,20,9,125,0.025,7.473888000000001e-06,0.0121738734641075,0.6337221438586459,8.0,0.18,0.001548
631,7,0,20,20,9,127,0.0254,7.94916e-06,0.0129190795369148,0.598505242028572,17.0,0.12,0.001596
632,7,0,20,20,9,128,0.0256,8.140968000000001e-06,0.0129423730459213,0.6107424184130216,13.0,0.06,0.001608
633,7,0,20,20,9,129,0.0258,8.304048000000002e-06,0.0131438146061897,0.6040277140570853,15.0,0.12,0.001632
634,7,0,20,20,9,131,0.0262,8.568216e-06,0.0145579020209312,0.5080455901942547,14.0,0.12,0.001668
635,7,0,20,40,9,91,0.0182,3.5029440000000003e-06,0.011004524605751,0.3634967120571524,7.0,0.0,0.00156
636,7,0,20,40,9,97,0.0194,2.9733120000000003e-06,0.0104641713666915,0.3412248575335775,8.0,-0.12,0.001236
637,7,0,20,40,9,98,0.0196,2.9507760000000004e-06,0.0117078466644287,0.2705154378980587,6.0,-0.42,0.001152
638,7,0,20,40,9,101,0.0202,3.021624e-06,0.0100275540561676,0.3776245855800773,6.0,-0.3,0.001344
639,7,0,20,40,9,102,0.0204,3.03264e-06,0.0100503479733467,0.3772841197931566,6.0,0.12,0.001368
640,7,0,20,40,9,103,0.0206,3.0316320000000004e-06,0.0102042891025543,0.3658649769957888,4.0,-0.06,0.001356
641,7,0,20,40,9,134,0.0268,9.856224e-06,0.0150178128361701,0.5491703154055099,10.0,-0.06,0.001764
642,7,0,20,40,9,139,0.0278,9.579744e-06,0.0150335773472785,0.5326465211205768,14.0,-0.06,0.00174
643,7,0,25,20,9,123,0.0246,4.985496000000001e-06,0.0100586691799163,0.6192088950895249,14.0,0.0,0.00126
644,7,0,25,20,9,124,0.0248,5.071464e-06,0.0102448457951545,0.6072008339696843,14.0,0.06,0.001272
645,7,0,25,20,9,125,0.025,5.144112000000001e-06,0.0103437574739456,0.604176210920479,11.0,0.06,0.001284
646,7,0,25,20,9,126,0.0252,5.202936000000001e-06,0.0103847280449867,0.6062728111597234,15.0,0.06,0.001296
647,7,0,25,20,9,127,0.0254,5.242104000000001e-06,0.0104227869172096,0.6063840628188816,15.0,0.0,0.001296
648,7,0,25,20,9,128,0.0256,5.267160000000001e-06,0.0104526102876663,0.605810585961422,15.0,0.0,0.001296
649,7,0,25,20,9,129,0.0258,5.281416e-06,0.0105486102976799,0.5964440963618939,13.0,0.0,0.001296
650,7,0,25,20,9,134,0.0268,5.328072000000001e-06,0.0109284925303459,0.5606081788042803,11.0,0.06,0.001308
651,7,0,25,40,9,92,0.0184,7.244928000000001e-06,0.0148515184607505,0.412764386423077,17.0,0.06,0.001524
652,7,0,25,40,9,116,0.0232,6.748200000000001e-06,0.0170630154190063,0.2912636201397424,14.0,0.06,0.001488
653,7,0,25,40,9,121,0.0242,6.5070000000000005e-06,0.0165398396401405,0.2989014911048129,14.0,6.720000000000001,0.001476
654,7,0,25,40,9,122,0.0244,6.495336000000001e-06,0.0138861946492195,0.4232968030498467,13.0,-0.12,0.001452
655,7,0,25,40,9,125,0.025,6.318792000000001e-06,0.0113690206589698,0.6143244667517045,15.0,-20.76,0.001416
656,7,0,25,40,9,129,0.0258,6.187896000000001e-06,0.010729256157875,0.6754817841044134,13.0,0.06,0.001416
657,7,0,25,40,9,131,0.0262,6.129864000000001e-06,0.010381609406948,0.7147124261260631,12.0,0.0,0.001404
658,7,0,25,40,9,132,0.0264,6.099120000000001e-06,0.0108662267231941,0.6491118200957275,8.0,0.0,0.001404
659,7,0,25,40,9,133,0.0266,6.065208000000001e-06,0.01060996265316,0.6770610848611941,9.0,-0.06,0.001392
660,7,0,25,40,9,91,0.0182,7.064856000000001e-06,0.0157283712630271,0.3588770400539872,20.0,0.0,0.001524
661,7,0,25,40,9,92,0.0184,7.104888000000001e-06,0.0158583123908042,0.3550202804971873,17.0,0.0,0.001524
662,7,0,25,40,9,93,0.0186,7.129872000000001e-06,0.0161029297099113,0.3455268514733348,19.0,0.0,0.001524
663,7,0,25,40,9,95,0.019,7.133040000000001e-06,0.0172171634731292,0.3023857474472914,19.0,0.06,0.001524
664,7,0,25,40,9,115,0.023,6.473232000000001e-06,0.0155303409633636,0.3372632767304374,17.0,0.0,0.001452
665,7,0,25,40,9,116,0.0232,6.451416000000001e-06,0.014654901148796,0.3774845005532247,16.0,-0.06,0.00144
666,7,0,25,40,9,118,0.0236,6.383016000000001e-06,0.012826490778923,0.4875510437737475,16.0,0.06,0.00144
667,7,0,25,40,9,121,0.0242,6.283872000000001e-06,0.0128434613571167,0.4787105815329658,15.0,5.22,0.00144
668,7,0,25,40,9,122,0.0244,6.258456000000001e-06,0.0124771384091377,0.5051810855540314,15.0,0.0,0.00144
669,7,0,25,40,9,123,0.0246,6.233112000000001e-06,0.012395197271347,0.5098094818761277,16.0,0.0,0.00144
670,7,0,25,40,9,126,0.0252,6.144048e-06,0.0118924033598899,0.545915219453421,16.0,0.0,0.001416
671,7,0,25,40,9,129,0.0258,6.052968000000001e-06,0.0110741981477737,0.6202312755765019,15.0,0.0,0.001404
672,7,0,25,40,9,130,0.026,6.027912000000001e-06,0.0111743159208297,0.6066453546535404,13.0,0.0,0.001404
673,7,0,25,40,9,134,0.0268,5.949360000000001e-06,0.0115745799851417,0.5580455282128929,12.0,0.18,0.001404
674,7,0,25,40,9,135,0.027,5.897016000000001e-06,0.0108441392812728,0.6301616885376627,11.0,-0.12,0.00138
675,7,0,25,40,9,138,0.0276,5.826888000000001e-06,0.0102705514011383,0.6941590876199115,9.0,0.06,0.001368
676,7,0,25,40,9,139,0.0278,5.808240000000001e-06,0.0102834042320251,0.6902089739715379,11.0,0.0,0.001368
677,7,0,25,40,9,140,0.028,5.795856000000001e-06,0.0105772276153564,0.6510041398925758,13.0,-0.06,0.001356
678,8,0,18,40,9,96,0.0192,1.1677392e-05,0.0204451028108596,0.3510565865903348,24.0,0.3,0.00192
679,8,0,18,40,9,113,0.0226,4.473720000000001e-06,0.0100370812897682,0.5580380084841838,13.0,3.54,0.001188
680,8,0,18,40,9,114,0.0228,5.176656e-06,0.0108511687130928,0.5524667411452315,15.0,0.48,0.001284
681,8,0,18,40,9,116,0.0232,6.467832000000001e-06,0.0114077860164642,0.6245480579923661,10.0,6.3,0.00144
682,8,0,18,40,9,118,0.0236,7.527960000000001e-06,0.0120434327902793,0.6522086886268192,13.0,0.24,0.001548
683,8,0,18,40,9,119,0.0238,7.987680000000002e-06,0.0124865799779891,0.64378894611284,14.0,0.24,0.001596
684,8,0,18,40,9,121,0.0242,8.834256e-06,0.0138614024720191,0.5777839809590924,16.0,0.3,0.00168
685,8,0,18,40,9,122,0.0244,9.218016e-06,0.0139508725905418,0.5951748576491592,13.0,0.18,0.001716
686,8,0,18,40,9,125,0.025,1.0105776000000002e-05,0.0151559894571304,0.552854619341645,15.0,0.18,0.0018
687,8,0,18,40,9,131,0.0262,1.1308176000000002e-05,0.0171150474615097,0.4851166801919613,20.0,0.3,0.001896
688,8,0,18,40,9,132,0.0264,1.1447784000000002e-05,0.0175756647791862,0.465701641876893,21.0,0.06,0.001908
689,8,0,18,40,9,140,0.028,1.2320424000000002e-05,0.01636060678339,0.5784112143201224,23.0,0.06,0.001968
690,8,0,20,20,9,126,0.0252,5.651928000000001e-06,0.0103614345402717,0.6615561475371795,8.0,0.3,0.001344
691,8,0,20,20,9,127,0.0254,6.103152000000001e-06,0.0104479929785728,0.702584082186644,9.0,0.24,0.001392
692,8,0,20,20,9,129,0.0258,6.868152000000001e-06,0.0112521392841339,0.6816784474908841,9.0,0.18,0.001476
693,8,0,20,20,9,139,0.0278,9.160776e-06,0.0150910188961029,0.5054811933168637,15.0,0.12,0.001704
694,8,0,20,20,9,140,0.028,9.326016e-06,0.014506283838272,0.5569211080023416,15.0,0.12,0.001728
695,8,0,20,20,9,139,0.0278,5.655960000000001e-06,0.010714904677391,0.6190697307464644,9.0,0.3,0.001344
696,8,0,20,20,9,140,0.028,6.068376000000001e-06,0.0110807280364036,0.6210774405185339,10.0,0.24,0.001392
697,8,0,20,20,9,141,0.0282,6.434712000000001e-06,0.011466433660984,0.6150101060478836,16.0,0.24,0.00144
698,8,0,20,40,9,103,0.0206,1.1186208000000002e-05,0.0213663374547958,0.3079162351031793,24.0,0.24,0.001908
699,8,0,20,40,9,105,0.021,1.1602008000000002e-05,0.0224883071379661,0.2882899457543754,25.0,-0.06,0.001932
700,8,0,20,40,9,97,0.0194,1.12248e-05,0.0268450386915206,0.1957313570401171,27.0,-0.12,0.001884
701,8,0,20,40,9,132,0.0264,1.0909800000000002e-05,0.0291673009858131,0.1611514310946199,18.0,5.699999999999999,0.001908
702,8,0,20,40,9,93,0.0186,1.152576e-05,0.0214259842071533,0.3154989187124573,25.0,0.12,0.00192
703,8,0,20,40,9,137,0.0274,9.999792000000002e-06,0.0173022232103347,0.4197560938662033,16.0,0.12,0.001788
704,8,0,20,40,9,139,0.0278,9.883944e-06,0.0156183123950958,0.5091806951075739,16.0,-0.9,0.001764
705,8,0,25,20,9,124,0.0248,5.037552000000001e-06,0.0101054630899429,0.619893333524587,15.0,0.06,0.001272
706,8,0,25,20,9,125,0.025,5.091768000000001e-06,0.0103806102962493,0.593789750385162,16.0,0.0,0.001272
707,8,0,25,20,9,127,0.0254,5.147928000000001e-06,0.0107920215396881,0.5554394487447148,15.0,0.06,0.001284
708,8,0,25,20,9,128,0.0256,5.157792000000001e-06,0.0107311687431335,0.5628331129463131,18.0,0.0,0.001284
709,8,0,25,20,9,129,0.0258,5.159952000000001e-06,0.0109512864918708,0.5406612506530027,20.0,0.0,0.001284
710,8,0,25,20,9,131,0.0262,5.1883200000000005e-06,0.0105912864961624,0.5812181748746615,15.0,0.06,0.001284
711,8,0,25,20,9,132,0.0264,5.180544000000001e-06,0.0111185799922943,0.5266069431005176,13.0,0.0,0.001284
712,8,0,25,20,9,139,0.0278,5.056704e-06,0.0117939912257194,0.4568312407222322,16.0,0.0,0.001272
713,8,0,25,20,9,140,0.028,5.042304000000001e-06,0.0113743444776535,0.489763184214482,14.0,-0.06,0.00126
714,8,0,25,20,9,141,0.0282,4.993488000000001e-06,0.0117593436255455,0.4537824671688613,16.0,0.0,0.00126
715,8,0,25,40,9,112,0.0224,6.449544000000001e-06,0.0159046067762374,0.320400364666538,17.0,0.0,0.001464
716,8,0,25,40,9,114,0.0228,6.332472000000001e-06,0.0145712543992996,0.3747910927964784,13.0,0.0,0.00144
717,8,0,25,40,9,126,0.0252,5.735304000000001e-06,0.012289256152153,0.4772161289366478,9.0,-0.06,0.001356
718,8,0,25,40,9,127,0.0254,5.699736000000001e-06,0.0118373739051818,0.5111564825040007,10.0,0.0,0.001356
719,8,0,25,40,9,129,0.0258,5.656896000000001e-06,0.011252638850212,0.5614089053889906,10.0,6.239999999999999,0.001344
720,8,0,25,40,9,131,0.0262,5.621688e-06,0.010712492544651,0.6155956432395137,11.0,6.239999999999999,0.001344
721,8,0,25,40,9,134,0.0268,5.555376e-06,0.0107808743491172,0.6006415249275233,11.0,0.0,0.001332
722,8,0,25,40,9,139,0.0278,5.401872000000001e-06,0.0101616986160278,0.6573876379044492,7.0,6.06,0.001308
723,8,0,25,40,9,95,0.019,7.250256000000001e-06,0.0161773418354988,0.3481359562560092,20.0,0.0,0.001524
724,8,0,25,40,9,116,0.0232,7.236288000000001e-06,0.0168338699598312,0.3208911733682619,19.0,0.0,0.001524
725,8,0,25,40,9,117,0.0234,7.175520000000001e-06,0.0167601643295288,0.3210012313480495,17.0,-0.06,0.001512
726,8,0,25,40,9,123,0.0246,6.875280000000001e-06,0.0152437539696693,0.3718059986213191,14.0,0.0,0.001488
727,8,0,25,40,9,131,0.0262,6.529752000000001e-06,0.0132427262735366,0.4678986008243396,12.0,0.06,0.001464
728,8,0,25,40,9,135,0.027,6.363432000000001e-06,0.0126732561764717,0.4978801870907806,15.0,0.0,0.00144
729,8,0,25,40,9,140,0.028,6.130800000000001e-06,0.0128424622192382,0.467122104902168,14.0,-0.06,0.001404
730,0,0,18,20,4,141,0.0282,1.1576952000000002e-05,0.0169907227735519,0.5039418070615495,21.0,0.12,0.001932
731,0,0,18,20,1,122,0.0244,1.0032264000000002e-05,0.0145376059198379,0.59651728453225,23.0,0.24,0.001788
732,0,0,18,20,1,123,0.0246,1.0401192e-05,0.0151458413858413,0.5697786455901399,23.0,0.12,0.001812
733,0,0,18,20,1,125,0.025,1.0992456000000002e-05,0.0160595470161438,0.5355968542523879,28.0,0.12,0.001872
734,0,0,18,20,1,127,0.0254,1.1463480000000002e-05,0.0163814881453514,0.5368088138343234,28.0,0.06,0.001908
735,0,0,18,20,1,128,0.0256,1.1642256000000002e-05,0.0166185764565467,0.5297358559220328,22.0,0.06,0.00192
736,0,0,18,20,1,129,0.0258,1.1778048e-05,0.01643410546875,0.548013231347291,21.0,0.06,0.001932
737,0,0,18,20,1,130,0.026,1.1891664000000002e-05,0.0162983409619331,0.5625559152838232,24.0,0.06,0.001944
738,0,0,18,20,1,131,0.0262,1.1954736e-05,0.0161824587063789,0.5736682826227237,22.0,0.06,0.001956
739,0,0,18,20,1,133,0.0266,1.2031992000000002e-05,0.0159361357741355,0.5953623350828308,21.0,0.0,0.001956
740,0,0,18,20,1,134,0.0268,1.2040272000000002e-05,0.0164457522096633,0.5594208867708573,21.0,0.0,0.001956
741,0,0,18,20,1,136,0.0272,1.2069648000000002e-05,0.0152752829661369,0.6500188341419165,17.0,0.0,0.001956
742,0,0,18,20,1,139,0.0278,1.2008736e-05,0.0156328708190917,0.6174896507535836,15.0,0.0,0.001956
743,0,0,18,20,1,140,0.028,1.1986488000000002e-05,0.015731782523632,0.6086196231373201,18.0,0.0,0.001956
744,1,0,18,20,4,140,0.028,1.1332656000000002e-05,0.0163158110761642,0.5349636018936348,15.0,0.12,0.001908
745,1,0,18,20,4,141,0.0282,1.1511216e-05,0.0172171634788513,0.4879865599903472,18.0,0.06,0.00192
746,1,0,18,20,1,129,0.0258,9.738072e-06,0.0143576665234565,0.5936290167368753,20.0,0.24,0.001764
747,1,0,18,20,1,130,0.026,1.0134144000000002e-05,0.0147421660723686,0.5859685894862919,17.0,0.18,0.0018
748,1,0,18,20,1,132,0.0264,1.0753848000000002e-05,0.0158343123950958,0.5389833382440129,23.0,0.12,0.001848
749,1,0,18,20,1,134,0.0268,1.1212776e-05,0.0164559002838134,0.5203310183933048,21.0,0.12,0.001896
750,1,0,18,20,1,138,0.0276,1.1758536e-05,0.0156323712801933,0.604663000129795,21.0,0.06,0.001932
751,1,0,18,20,7,138,0.0276,6.018264000000001e-06,0.0150827834000587,0.3324437022752427,19.0,5.76,0.001392
752,1,0,18,20,7,139,0.0278,6.629616000000001e-06,0.0156534595928192,0.3399989414829252,19.0,0.36,0.001464
753,1,0,18,20,7,140,0.028,7.189776000000001e-06,0.0164563998270034,0.3336226771508757,20.0,0.3,0.001524
754,1,0,18,20,7,141,0.0282,7.700976e-06,0.0170622232146263,0.3324178952767816,23.0,0.24,0.001572
755,1,0,18,20,7,131,0.0262,7.152624000000001e-06,0.0155962249531745,0.3695185783249636,19.0,0.3,0.001524
756,1,0,18,20,7,132,0.0264,7.624728000000001e-06,0.0159145478768348,0.3783080732406744,22.0,0.24,0.001572
757,1,0,18,20,7,133,0.0266,8.037144000000002e-06,0.0164799002680778,0.3718796857725712,22.0,0.24,0.00162
758,1,0,18,20,7,134,0.0268,8.402112000000002e-06,0.016950458714962,0.3674814481629749,20.0,0.18,0.001656
759,1,0,18,20,7,135,0.027,8.713800000000001e-06,0.0174127816414833,0.3611446153005774,21.0,0.12,0.00168
760,1,0,18,20,7,136,0.0272,8.986032000000001e-06,0.0179669868378639,0.3498060573112978,19.0,0.12,0.001704
761,1,0,18,20,7,137,0.0274,9.21384e-06,0.0184809279499053,0.3390025637547296,19.0,0.12,0.001728
762,1,0,18,20,7,138,0.0276,9.408744e-06,0.0191211920313835,0.3233788333980268,20.0,0.12,0.001752
763,1,0,18,20,7,140,0.028,9.678096000000002e-06,0.0199277504539489,0.3062550350433022,21.0,0.0,0.001764
764,1,0,18,20,7,141,0.0282,9.772488e-06,0.0203280144968032,0.297183769023369,18.0,0.12,0.001788
765,2,0,18,20,4,139,0.0278,5.535216e-06,0.0105052276067733,0.6302799681621372,13.0,5.88,0.001332
766,2,0,18,20,1,123,0.0246,8.693928000000002e-06,0.0124243141551017,0.7077519177000517,14.0,0.24,0.001656
767,2,0,18,20,1,124,0.0248,9.187272e-06,0.0128024907903671,0.7043807752488179,13.0,0.24,0.001704
768,2,0,18,20,1,125,0.025,9.627624e-06,0.0133561963949203,0.6782087552566443,20.0,0.24,0.001752
769,2,0,18,20,1,126,0.0252,1.002816e-05,0.0134791081023216,0.6935995550009219,14.0,0.18,0.001788
770,2,0,18,20,1,127,0.0254,1.0389312000000002e-05,0.0139848137140274,0.6675492024199273,17.0,0.18,0.001824
771,2,0,18,20,1,129,0.0258,1.0956528e-05,0.0150517539696693,0.6077270890389975,20.0,0.18,0.001872
772,2,0,18,20,1,131,0.0262,1.1387520000000002e-05,0.0151957539668083,0.6197185700849906,20.0,0.12,0.001908
773,2,0,18,20,1,133,0.0266,1.1718576e-05,0.0148597539639472,0.6669011516961733,21.0,0.12,0.001932
774,2,0,18,20,1,134,0.0268,1.1839248e-05,0.0146951652145385,0.6889457664184844,21.0,0.06,0.001944
775,2,0,18,20,1,135,0.027,1.1937168000000002e-05,0.0145395184664726,0.7095959421230622,18.0,0.0,0.001944
776,2,0,18,20,1,136,0.0272,1.202004e-05,0.0145506656570434,0.713427841351498,17.0,0.06,0.001956
777,2,0,18,20,3,131,0.0262,8.109000000000001e-06,0.0122628440337181,0.6776333238772517,8.0,0.36,0.00162
778,2,0,18,20,3,133,0.0266,8.986176000000001e-06,0.0135538128519058,0.6146980209537857,11.0,0.36,0.001704
779,2,0,18,20,3,134,0.0268,9.351216000000002e-06,0.0144154007062912,0.5654894600650489,10.0,0.18,0.00174
780,3,0,18,20,1,118,0.0236,8.345880000000001e-06,0.0123019020252227,0.6930067619399469,10.0,0.3,0.001632
781,3,0,18,20,1,120,0.024,9.360792000000002e-06,0.0135814310317039,0.6377219920972493,12.0,0.12,0.001728
782,3,0,18,20,1,121,0.0242,9.79956e-06,0.0137874898939132,0.64780758108129,13.0,0.18,0.001764
783,3,0,18,20,1,124,0.0248,1.0812024e-05,0.0148849600138664,0.6132273559944742,17.0,0.12,0.00186
784,3,0,18,20,1,127,0.0254,1.1475288000000002e-05,0.0151746656541824,0.6262319136377439,20.0,0.18,0.001908
785,3,0,18,20,1,128,0.0256,1.1635416e-05,0.0155421946449279,0.605295007710725,19.0,0.06,0.00192
786,3,0,18,20,3,126,0.0252,6.467976000000001e-06,0.0109243747901916,0.6810595404791542,7.0,6.12,0.00144
787,3,0,18,20,3,131,0.0262,9.073368e-06,0.0134713721508979,0.6282821508691865,9.0,0.3,0.001716
788,4,0,18,20,1,126,0.0252,8.88372e-06,0.0123721964135169,0.7293082290829951,9.0,0.36,0.001692
789,4,0,18,20,1,127,0.0254,9.402552e-06,0.0124921964035034,0.7571431554405447,8.0,0.18,0.001728
790,4,0,18,20,1,129,0.0258,1.0316016e-05,0.0129734024848937,0.7702187513147767,13.0,0.18,0.001812
791,4,0,18,20,1,133,0.0266,1.1574792e-05,0.0142774310388565,0.7135475464466103,14.0,0.12,0.00192
792,4,0,18,20,3,109,0.0218,5.105448000000001e-06,0.0102119038023948,0.615219781500671,9.0,3.96,0.001284
793,4,0,18,20,3,133,0.0266,1.1059344e-05,0.0193815738272666,0.3699654354020211,17.0,0.18,0.001896
794,4,0,18,20,7,132,0.0264,6.791040000000001e-06,0.0113139912157058,0.6666754736032655,13.0,0.36,0.001476
795,4,0,18,20,7,134,0.0268,7.944624e-06,0.012145049208641,0.6768378766503067,12.0,0.3,0.001596
796,4,0,18,20,7,135,0.027,8.431992000000001e-06,0.0125923141536712,0.6682345862522501,16.0,0.24,0.001644
797,4,0,18,20,7,137,0.0274,9.259776000000002e-06,0.0134352258324623,0.6446446803797277,17.0,0.18,0.001716
798,4,0,18,20,7,138,0.0276,9.606888000000002e-06,0.0140796076426506,0.6089918585344182,14.0,0.18,0.001752
799,4,0,18,20,7,139,0.0278,9.909792e-06,0.014450048353672,0.5963974835712061,17.0,0.12,0.001776
800,4,0,18,20,7,140,0.028,1.017792e-05,0.0148093418412208,0.5831729629143984,16.0,0.12,0.0018
801,4,0,18,20,7,141,0.0282,1.0401264e-05,0.0151148119525909,0.5721244222211991,14.0,0.12,0.001824
802,5,0,18,20,4,138,0.0276,1.0250352e-05,0.0157926353487968,0.516463255145144,14.0,0.36,0.001812
803,5,0,18,20,4,140,0.028,1.0866096000000002e-05,0.0165640465836524,0.4976803745977624,16.0,0.18,0.00186
804,5,0,18,20,1,127,0.0254,9.561816e-06,0.0140216665291786,0.6111544490978422,19.0,0.24,0.00174
805,5,0,18,20,1,131,0.0262,1.0971216e-05,0.0141925782208442,0.684450486564156,16.0,0.12,0.001872
806,5,0,18,20,1,132,0.0264,1.1193984e-05,0.0149441072230339,0.6298753257603501,20.0,0.12,0.001896
807,5,0,18,20,1,133,0.0266,1.1406456e-05,0.0151050777897834,0.6282241988668662,18.0,0.06,0.001908
808,5,0,18,20,1,135,0.027,1.1707992000000002e-05,0.0153509011702537,0.6243448441306214,21.0,0.12,0.001932
809,5,0,18,20,1,137,0.0274,1.1912688e-05,0.0158910474615097,0.5928087182152821,20.0,0.0,0.001944
810,5,0,18,20,1,138,0.0276,1.1992608e-05,0.0165523998241424,0.5500492360725768,21.0,0.06,0.001956
811,5,0,18,20,3,121,0.0242,7.106328000000001e-06,0.0119117860350608,0.6293631999684453,6.0,0.36,0.001512
812,5,0,18,20,3,122,0.0244,7.657704e-06,0.0123389617795944,0.6320496587956828,10.0,0.3,0.001572
813,5,0,18,20,3,133,0.0266,1.0806696000000002e-05,0.0171827227735519,0.4599586940086536,18.0,0.24,0.00186
814,5,0,18,20,3,137,0.0274,1.1067336000000002e-05,0.0184001928992271,0.410778975310461,17.0,0.18,0.001896
